country,country_name,indicator,indicator_name,year,frequency,value,unit,price_basis,base_year,status,source_status,source_indicator,source,source_url,source_file,raw_row,footnote,data_source,reference_year,methodology
IDN,Indonesia,current_account_pct,Current account balance,2005,A,0.096217231,percent_gdp,current,,observed,A,BCA_BP6_XGDP_PS,ADB,"https://kidb.adb.org/api/v5/sdmx/data/ADB,DF_GLOB_BOP/A.BCA_BP6_XGDP_PS.VIE+THA+INO+MAL+SIN?startPeriod=2005&format=sdmx-csv",DF_GLOB_BOP.csv,2,,Bank Indonesia,Calendar Year,Balance of Payment Manual 6th Edition
IDN,Indonesia,current_account_pct,Current account balance,2006,A,2.940155432,percent_gdp,current,,observed,A,BCA_BP6_XGDP_PS,ADB,"https://kidb.adb.org/api/v5/sdmx/data/ADB,DF_GLOB_BOP/A.BCA_BP6_XGDP_PS.VIE+THA+INO+MAL+SIN?startPeriod=2005&format=sdmx-csv",DF_GLOB_BOP.csv,3,,Bank Indonesia,Calendar Year,Balance of Payment Manual 6th Edition
IDN,Indonesia,current_account_pct,Current account balance,2007,A,2.393410861,percent_gdp,current,,observed,A,BCA_BP6_XGDP_PS,ADB,"https://kidb.adb.org/api/v5/sdmx/data/ADB,DF_GLOB_BOP/A.BCA_BP6_XGDP_PS.VIE+THA+INO+MAL+SIN?startPeriod=2005&format=sdmx-csv",DF_GLOB_BOP.csv,4,,Bank Indonesia,Calendar Year,Balance of Payment Manual 6th Edition
IDN,Indonesia,current_account_pct,Current account balance,2008,A,0.024358744,percent_gdp,current,,observed,A,BCA_BP6_XGDP_PS,ADB,"https://kidb.adb.org/api/v5/sdmx/data/ADB,DF_GLOB_BOP/A.BCA_BP6_XGDP_PS.VIE+THA+INO+MAL+SIN?startPeriod=2005&format=sdmx-csv",DF_GLOB_BOP.csv,5,,Bank Indonesia,Calendar Year,Balance of Payment Manual 6th Edition
IDN,Indonesia,current_account_pct,Current account balance,2009,A,1.952510674,percent_gdp,current,,observed,A,BCA_BP6_XGDP_PS,ADB,"https://kidb.adb.org/api/v5/sdmx/data/ADB,DF_GLOB_BOP/A.BCA_BP6_XGDP_PS.VIE+THA+INO+MAL+SIN?startPeriod=2005&format=sdmx-csv",DF_GLOB_BOP.csv,6,,Bank Indonesia,Calendar Year,Balance of Payment Manual 6th Edition
IDN,Indonesia,current_account_pct,Current account balance,2010,A,0.679980929,percent_gdp,current,,observed,A,BCA_BP6_XGDP_PS,ADB,"https://kidb.adb.org/api/v5/sdmx/data/ADB,DF_GLOB_BOP/A.BCA_BP6_XGDP_PS.VIE+THA+INO+MAL+SIN?startPeriod=2005&format=sdmx-csv",DF_GLOB_BOP.csv,7,,Bank Indonesia,Calendar Year,Balance of Payment Manual 6th Edition
IDN,Indonesia,current_account_pct,Current account balance,2011,A,0.188610911,percent_gdp,current,,observed,A,BCA_BP6_XGDP_PS,ADB,"https://kidb.adb.org/api/v5/sdmx/data/ADB,DF_GLOB_BOP/A.BCA_BP6_XGDP_PS.VIE+THA+INO+MAL+SIN?startPeriod=2005&format=sdmx-csv",DF_GLOB_BOP.csv,8,,Bank Indonesia,Calendar Year,Balance of Payment Manual 6th Edition
IDN,Indonesia,current_account_pct,Current account balance,2012,A,-2.659581268,percent_gdp,current,,observed,A,BCA_BP6_XGDP_PS,ADB,"https://kidb.adb.org/api/v5/sdmx/data/ADB,DF_GLOB_BOP/A.BCA_BP6_XGDP_PS.VIE+THA+INO+MAL+SIN?startPeriod=2005&format=sdmx-csv",DF_GLOB_BOP.csv,9,,Bank Indonesia,Calendar Year,Balance of Payment Manual 6th Edition
IDN,Indonesia,current_account_pct,Current account balance,2013,A,-3.190590139,percent_gdp,current,,observed,A,BCA_BP6_XGDP_PS,ADB,"https://kidb.adb.org/api/v5/sdmx/data/ADB,DF_GLOB_BOP/A.BCA_BP6_XGDP_PS.VIE+THA+INO+MAL+SIN?startPeriod=2005&format=sdmx-csv",DF_GLOB_BOP.csv,10,,Bank Indonesia,Calendar Year,Balance of Payment Manual 6th Edition
IDN,Indonesia,current_account_pct,Current account balance,2014,A,-3.088885226,percent_gdp,current,,observed,A,BCA_BP6_XGDP_PS,ADB,"https://kidb.adb.org/api/v5/sdmx/data/ADB,DF_GLOB_BOP/A.BCA_BP6_XGDP_PS.VIE+THA+INO+MAL+SIN?startPeriod=2005&format=sdmx-csv",DF_GLOB_BOP.csv,11,,Bank Indonesia,Calendar Year,Balance of Payment Manual 6th Edition
IDN,Indonesia,current_account_pct,Current account balance,2015,A,-2.033144224,percent_gdp,current,,observed,A,BCA_BP6_XGDP_PS,ADB,"https://kidb.adb.org/api/v5/sdmx/data/ADB,DF_GLOB_BOP/A.BCA_BP6_XGDP_PS.VIE+THA+INO+MAL+SIN?startPeriod=2005&format=sdmx-csv",DF_GLOB_BOP.csv,12,,Bank Indonesia,Calendar Year,Balance of Payment Manual 6th Edition
IDN,Indonesia,current_account_pct,Current account balance,2016,A,-1.818386332,percent_gdp,current,,observed,A,BCA_BP6_XGDP_PS,ADB,"https://kidb.adb.org/api/v5/sdmx/data/ADB,DF_GLOB_BOP/A.BCA_BP6_XGDP_PS.VIE+THA+INO+MAL+SIN?startPeriod=2005&format=sdmx-csv",DF_GLOB_BOP.csv,13,,Bank Indonesia,Calendar Year,Balance of Payment Manual 6th Edition
IDN,Indonesia,current_account_pct,Current account balance,2017,A,-1.595056091,percent_gdp,current,,observed,A,BCA_BP6_XGDP_PS,ADB,"https://kidb.adb.org/api/v5/sdmx/data/ADB,DF_GLOB_BOP/A.BCA_BP6_XGDP_PS.VIE+THA+INO+MAL+SIN?startPeriod=2005&format=sdmx-csv",DF_GLOB_BOP.csv,14,,Bank Indonesia,Calendar Year,Balance of Payment Manual 6th Edition
IDN,Indonesia,current_account_pct,Current account balance,2018,A,-2.943280185,percent_gdp,current,,observed,A,BCA_BP6_XGDP_PS,ADB,"https://kidb.adb.org/api/v5/sdmx/data/ADB,DF_GLOB_BOP/A.BCA_BP6_XGDP_PS.VIE+THA+INO+MAL+SIN?startPeriod=2005&format=sdmx-csv",DF_GLOB_BOP.csv,15,,Bank Indonesia,Calendar Year,Balance of Payment Manual 6th Edition
IDN,Indonesia,current_account_pct,Current account balance,2019,A,-2.705647993,percent_gdp,current,,observed,A,BCA_BP6_XGDP_PS,ADB,"https://kidb.adb.org/api/v5/sdmx/data/ADB,DF_GLOB_BOP/A.BCA_BP6_XGDP_PS.VIE+THA+INO+MAL+SIN?startPeriod=2005&format=sdmx-csv",DF_GLOB_BOP.csv,16,,Bank Indonesia,Calendar Year,Balance of Payment Manual 6th Edition
IDN,Indonesia,current_account_pct,Current account balance,2020,A,-0.417850415,percent_gdp,current,,observed,A,BCA_BP6_XGDP_PS,ADB,"https://kidb.adb.org/api/v5/sdmx/data/ADB,DF_GLOB_BOP/A.BCA_BP6_XGDP_PS.VIE+THA+INO+MAL+SIN?startPeriod=2005&format=sdmx-csv",DF_GLOB_BOP.csv,17,,Bank Indonesia,Calendar Year,Balance of Payment Manual 6th Edition
IDN,Indonesia,current_account_pct,Current account balance,2021,A,0.295899026,percent_gdp,current,,observed,A,BCA_BP6_XGDP_PS,ADB,"https://kidb.adb.org/api/v5/sdmx/data/ADB,DF_GLOB_BOP/A.BCA_BP6_XGDP_PS.VIE+THA+INO+MAL+SIN?startPeriod=2005&format=sdmx-csv",DF_GLOB_BOP.csv,18,,Bank Indonesia,Calendar Year,Balance of Payment Manual 6th Edition
IDN,Indonesia,current_account_pct,Current account balance,2022,A,1.001692526,percent_gdp,current,,observed,A,BCA_BP6_XGDP_PS,ADB,"https://kidb.adb.org/api/v5/sdmx/data/ADB,DF_GLOB_BOP/A.BCA_BP6_XGDP_PS.VIE+THA+INO+MAL+SIN?startPeriod=2005&format=sdmx-csv",DF_GLOB_BOP.csv,19,,Bank Indonesia,Calendar Year,Balance of Payment Manual 6th Edition
IDN,Indonesia,current_account_pct,Current account balance,2023,A,-0.148905707,percent_gdp,current,,observed,A,BCA_BP6_XGDP_PS,ADB,"https://kidb.adb.org/api/v5/sdmx/data/ADB,DF_GLOB_BOP/A.BCA_BP6_XGDP_PS.VIE+THA+INO+MAL+SIN?startPeriod=2005&format=sdmx-csv",DF_GLOB_BOP.csv,20,,Bank Indonesia,Calendar Year,Balance of Payment Manual 6th Edition
IDN,Indonesia,current_account_pct,Current account balance,2024,A,-0.614488836,percent_gdp,current,,observed,A,BCA_BP6_XGDP_PS,ADB,"https://kidb.adb.org/api/v5/sdmx/data/ADB,DF_GLOB_BOP/A.BCA_BP6_XGDP_PS.VIE+THA+INO+MAL+SIN?startPeriod=2005&format=sdmx-csv",DF_GLOB_BOP.csv,21,,Bank Indonesia,Calendar Year,Balance of Payment Manual 6th Edition
IDN,Indonesia,current_account_pct,Current account balance,2025,A,-0.100540893,percent_gdp,current,,provisional,P,BCA_BP6_XGDP_PS,ADB,"https://kidb.adb.org/api/v5/sdmx/data/ADB,DF_GLOB_BOP/A.BCA_BP6_XGDP_PS.VIE+THA+INO+MAL+SIN?startPeriod=2005&format=sdmx-csv",DF_GLOB_BOP.csv,22,,Bank Indonesia,Calendar Year,Balance of Payment Manual 6th Edition
IDN,Indonesia,exports_pct,Exports of goods and services,2005,A,34.06727,percent_gdp,current,,observed,A,NEGS_XGDP_PS,ADB,"https://kidb.adb.org/api/v5/sdmx/data/ADB,DF_NA/A.NGDP_XDC+NGDP_R_XDC+NGDPVA_ISIC4_C_XDC+NEGS_XGDP_PS+NIGS_XGDP_PS.VIE+THA+INO+MAL+SIN?startPeriod=2005&format=sdmx-csv",DF_NA.csv,212,"2024, 2025: For 2024, data refer to preliminary figures. For 2025, data refer to very preliminary figures.",BPS Statistics Indonesia,Calendar Year,
IDN,Indonesia,exports_pct,Exports of goods and services,2006,A,31.03472,percent_gdp,current,,observed,A,NEGS_XGDP_PS,ADB,"https://kidb.adb.org/api/v5/sdmx/data/ADB,DF_NA/A.NGDP_XDC+NGDP_R_XDC+NGDPVA_ISIC4_C_XDC+NEGS_XGDP_PS+NIGS_XGDP_PS.VIE+THA+INO+MAL+SIN?startPeriod=2005&format=sdmx-csv",DF_NA.csv,213,"2024, 2025: For 2024, data refer to preliminary figures. For 2025, data refer to very preliminary figures.",BPS Statistics Indonesia,Calendar Year,
IDN,Indonesia,exports_pct,Exports of goods and services,2007,A,29.43572,percent_gdp,current,,observed,A,NEGS_XGDP_PS,ADB,"https://kidb.adb.org/api/v5/sdmx/data/ADB,DF_NA/A.NGDP_XDC+NGDP_R_XDC+NGDPVA_ISIC4_C_XDC+NEGS_XGDP_PS+NIGS_XGDP_PS.VIE+THA+INO+MAL+SIN?startPeriod=2005&format=sdmx-csv",DF_NA.csv,214,"2024, 2025: For 2024, data refer to preliminary figures. For 2025, data refer to very preliminary figures.",BPS Statistics Indonesia,Calendar Year,
IDN,Indonesia,exports_pct,Exports of goods and services,2008,A,29.80828,percent_gdp,current,,observed,A,NEGS_XGDP_PS,ADB,"https://kidb.adb.org/api/v5/sdmx/data/ADB,DF_NA/A.NGDP_XDC+NGDP_R_XDC+NGDPVA_ISIC4_C_XDC+NEGS_XGDP_PS+NIGS_XGDP_PS.VIE+THA+INO+MAL+SIN?startPeriod=2005&format=sdmx-csv",DF_NA.csv,215,"2024, 2025: For 2024, data refer to preliminary figures. For 2025, data refer to very preliminary figures.",BPS Statistics Indonesia,Calendar Year,
IDN,Indonesia,exports_pct,Exports of goods and services,2009,A,24.15913,percent_gdp,current,,observed,A,NEGS_XGDP_PS,ADB,"https://kidb.adb.org/api/v5/sdmx/data/ADB,DF_NA/A.NGDP_XDC+NGDP_R_XDC+NGDPVA_ISIC4_C_XDC+NEGS_XGDP_PS+NIGS_XGDP_PS.VIE+THA+INO+MAL+SIN?startPeriod=2005&format=sdmx-csv",DF_NA.csv,216,"2024, 2025: For 2024, data refer to preliminary figures. For 2025, data refer to very preliminary figures.",BPS Statistics Indonesia,Calendar Year,
IDN,Indonesia,exports_pct,Exports of goods and services,2010,A,24.29903094,percent_gdp,current,,unknown,B,NEGS_XGDP_PS,ADB,"https://kidb.adb.org/api/v5/sdmx/data/ADB,DF_NA/A.NGDP_XDC+NGDP_R_XDC+NGDPVA_ISIC4_C_XDC+NEGS_XGDP_PS+NIGS_XGDP_PS.VIE+THA+INO+MAL+SIN?startPeriod=2005&format=sdmx-csv",DF_NA.csv,217,"2024, 2025: For 2024, data refer to preliminary figures. For 2025, data refer to very preliminary figures.",BPS Statistics Indonesia,Calendar Year,System of National Accounts - 2008
IDN,Indonesia,exports_pct,Exports of goods and services,2011,A,26.32735309,percent_gdp,current,,observed,A,NEGS_XGDP_PS,ADB,"https://kidb.adb.org/api/v5/sdmx/data/ADB,DF_NA/A.NGDP_XDC+NGDP_R_XDC+NGDPVA_ISIC4_C_XDC+NEGS_XGDP_PS+NIGS_XGDP_PS.VIE+THA+INO+MAL+SIN?startPeriod=2005&format=sdmx-csv",DF_NA.csv,218,"2024, 2025: For 2024, data refer to preliminary figures. For 2025, data refer to very preliminary figures.",BPS Statistics Indonesia,Calendar Year,System of National Accounts - 2008
IDN,Indonesia,exports_pct,Exports of goods and services,2012,A,24.59437879,percent_gdp,current,,observed,A,NEGS_XGDP_PS,ADB,"https://kidb.adb.org/api/v5/sdmx/data/ADB,DF_NA/A.NGDP_XDC+NGDP_R_XDC+NGDPVA_ISIC4_C_XDC+NEGS_XGDP_PS+NIGS_XGDP_PS.VIE+THA+INO+MAL+SIN?startPeriod=2005&format=sdmx-csv",DF_NA.csv,219,"2024, 2025: For 2024, data refer to preliminary figures. For 2025, data refer to very preliminary figures.",BPS Statistics Indonesia,Calendar Year,System of National Accounts - 2008
IDN,Indonesia,exports_pct,Exports of goods and services,2013,A,23.92357638,percent_gdp,current,,observed,A,NEGS_XGDP_PS,ADB,"https://kidb.adb.org/api/v5/sdmx/data/ADB,DF_NA/A.NGDP_XDC+NGDP_R_XDC+NGDPVA_ISIC4_C_XDC+NEGS_XGDP_PS+NIGS_XGDP_PS.VIE+THA+INO+MAL+SIN?startPeriod=2005&format=sdmx-csv",DF_NA.csv,220,"2024, 2025: For 2024, data refer to preliminary figures. For 2025, data refer to very preliminary figures.",BPS Statistics Indonesia,Calendar Year,System of National Accounts - 2008
IDN,Indonesia,exports_pct,Exports of goods and services,2014,A,23.66598459,percent_gdp,current,,observed,A,NEGS_XGDP_PS,ADB,"https://kidb.adb.org/api/v5/sdmx/data/ADB,DF_NA/A.NGDP_XDC+NGDP_R_XDC+NGDPVA_ISIC4_C_XDC+NEGS_XGDP_PS+NIGS_XGDP_PS.VIE+THA+INO+MAL+SIN?startPeriod=2005&format=sdmx-csv",DF_NA.csv,221,"2024, 2025: For 2024, data refer to preliminary figures. For 2025, data refer to very preliminary figures.",BPS Statistics Indonesia,Calendar Year,System of National Accounts - 2008
IDN,Indonesia,exports_pct,Exports of goods and services,2015,A,21.16017926,percent_gdp,current,,observed,A,NEGS_XGDP_PS,ADB,"https://kidb.adb.org/api/v5/sdmx/data/ADB,DF_NA/A.NGDP_XDC+NGDP_R_XDC+NGDPVA_ISIC4_C_XDC+NEGS_XGDP_PS+NIGS_XGDP_PS.VIE+THA+INO+MAL+SIN?startPeriod=2005&format=sdmx-csv",DF_NA.csv,222,"2024, 2025: For 2024, data refer to preliminary figures. For 2025, data refer to very preliminary figures.",BPS Statistics Indonesia,Calendar Year,System of National Accounts - 2008
IDN,Indonesia,exports_pct,Exports of goods and services,2016,A,19.08899385,percent_gdp,current,,observed,A,NEGS_XGDP_PS,ADB,"https://kidb.adb.org/api/v5/sdmx/data/ADB,DF_NA/A.NGDP_XDC+NGDP_R_XDC+NGDPVA_ISIC4_C_XDC+NEGS_XGDP_PS+NIGS_XGDP_PS.VIE+THA+INO+MAL+SIN?startPeriod=2005&format=sdmx-csv",DF_NA.csv,223,"2024, 2025: For 2024, data refer to preliminary figures. For 2025, data refer to very preliminary figures.",BPS Statistics Indonesia,Calendar Year,System of National Accounts - 2008
IDN,Indonesia,exports_pct,Exports of goods and services,2017,A,20.17730444,percent_gdp,current,,observed,A,NEGS_XGDP_PS,ADB,"https://kidb.adb.org/api/v5/sdmx/data/ADB,DF_NA/A.NGDP_XDC+NGDP_R_XDC+NGDPVA_ISIC4_C_XDC+NEGS_XGDP_PS+NIGS_XGDP_PS.VIE+THA+INO+MAL+SIN?startPeriod=2005&format=sdmx-csv",DF_NA.csv,224,"2024, 2025: For 2024, data refer to preliminary figures. For 2025, data refer to very preliminary figures.",BPS Statistics Indonesia,Calendar Year,System of National Accounts - 2008
IDN,Indonesia,exports_pct,Exports of goods and services,2018,A,21.0027465,percent_gdp,current,,observed,A,NEGS_XGDP_PS,ADB,"https://kidb.adb.org/api/v5/sdmx/data/ADB,DF_NA/A.NGDP_XDC+NGDP_R_XDC+NGDPVA_ISIC4_C_XDC+NEGS_XGDP_PS+NIGS_XGDP_PS.VIE+THA+INO+MAL+SIN?startPeriod=2005&format=sdmx-csv",DF_NA.csv,225,"2024, 2025: For 2024, data refer to preliminary figures. For 2025, data refer to very preliminary figures.",BPS Statistics Indonesia,Calendar Year,System of National Accounts - 2008
IDN,Indonesia,exports_pct,Exports of goods and services,2019,A,18.59152779,percent_gdp,current,,observed,A,NEGS_XGDP_PS,ADB,"https://kidb.adb.org/api/v5/sdmx/data/ADB,DF_NA/A.NGDP_XDC+NGDP_R_XDC+NGDPVA_ISIC4_C_XDC+NEGS_XGDP_PS+NIGS_XGDP_PS.VIE+THA+INO+MAL+SIN?startPeriod=2005&format=sdmx-csv",DF_NA.csv,226,"2024, 2025: For 2024, data refer to preliminary figures. For 2025, data refer to very preliminary figures.",BPS Statistics Indonesia,Calendar Year,System of National Accounts - 2008
IDN,Indonesia,exports_pct,Exports of goods and services,2020,A,17.33116829,percent_gdp,current,,observed,A,NEGS_XGDP_PS,ADB,"https://kidb.adb.org/api/v5/sdmx/data/ADB,DF_NA/A.NGDP_XDC+NGDP_R_XDC+NGDPVA_ISIC4_C_XDC+NEGS_XGDP_PS+NIGS_XGDP_PS.VIE+THA+INO+MAL+SIN?startPeriod=2005&format=sdmx-csv",DF_NA.csv,227,"2024, 2025: For 2024, data refer to preliminary figures. For 2025, data refer to very preliminary figures.",BPS Statistics Indonesia,Calendar Year,System of National Accounts - 2008
IDN,Indonesia,exports_pct,Exports of goods and services,2021,A,21.41655564,percent_gdp,current,,observed,A,NEGS_XGDP_PS,ADB,"https://kidb.adb.org/api/v5/sdmx/data/ADB,DF_NA/A.NGDP_XDC+NGDP_R_XDC+NGDPVA_ISIC4_C_XDC+NEGS_XGDP_PS+NIGS_XGDP_PS.VIE+THA+INO+MAL+SIN?startPeriod=2005&format=sdmx-csv",DF_NA.csv,228,"2024, 2025: For 2024, data refer to preliminary figures. For 2025, data refer to very preliminary figures.",BPS Statistics Indonesia,Calendar Year,System of National Accounts - 2008
IDN,Indonesia,exports_pct,Exports of goods and services,2022,A,24.50291169,percent_gdp,current,,observed,A,NEGS_XGDP_PS,ADB,"https://kidb.adb.org/api/v5/sdmx/data/ADB,DF_NA/A.NGDP_XDC+NGDP_R_XDC+NGDPVA_ISIC4_C_XDC+NEGS_XGDP_PS+NIGS_XGDP_PS.VIE+THA+INO+MAL+SIN?startPeriod=2005&format=sdmx-csv",DF_NA.csv,229,"2024, 2025: For 2024, data refer to preliminary figures. For 2025, data refer to very preliminary figures.",BPS Statistics Indonesia,Calendar Year,System of National Accounts - 2008
IDN,Indonesia,exports_pct,Exports of goods and services,2023,A,21.80856324,percent_gdp,current,,observed,A,NEGS_XGDP_PS,ADB,"https://kidb.adb.org/api/v5/sdmx/data/ADB,DF_NA/A.NGDP_XDC+NGDP_R_XDC+NGDPVA_ISIC4_C_XDC+NEGS_XGDP_PS+NIGS_XGDP_PS.VIE+THA+INO+MAL+SIN?startPeriod=2005&format=sdmx-csv",DF_NA.csv,230,"2024, 2025: For 2024, data refer to preliminary figures. For 2025, data refer to very preliminary figures.",BPS Statistics Indonesia,Calendar Year,System of National Accounts - 2008
IDN,Indonesia,exports_pct,Exports of goods and services,2024,A,22.30964878,percent_gdp,current,,provisional,P,NEGS_XGDP_PS,ADB,"https://kidb.adb.org/api/v5/sdmx/data/ADB,DF_NA/A.NGDP_XDC+NGDP_R_XDC+NGDPVA_ISIC4_C_XDC+NEGS_XGDP_PS+NIGS_XGDP_PS.VIE+THA+INO+MAL+SIN?startPeriod=2005&format=sdmx-csv",DF_NA.csv,231,"2024, 2025: For 2024, data refer to preliminary figures. For 2025, data refer to very preliminary figures.",BPS Statistics Indonesia,Calendar Year,System of National Accounts - 2008
IDN,Indonesia,exports_pct,Exports of goods and services,2025,A,22.8465483,percent_gdp,current,,provisional,P,NEGS_XGDP_PS,ADB,"https://kidb.adb.org/api/v5/sdmx/data/ADB,DF_NA/A.NGDP_XDC+NGDP_R_XDC+NGDPVA_ISIC4_C_XDC+NEGS_XGDP_PS+NIGS_XGDP_PS.VIE+THA+INO+MAL+SIN?startPeriod=2005&format=sdmx-csv",DF_NA.csv,232,"2024, 2025: For 2024, data refer to preliminary figures. For 2025, data refer to very preliminary figures.",BPS Statistics Indonesia,Calendar Year,System of National Accounts - 2008
IDN,Indonesia,imports_pct,Imports of goods and services,2005,A,29.92067,percent_gdp,current,,observed,A,NIGS_XGDP_PS,ADB,"https://kidb.adb.org/api/v5/sdmx/data/ADB,DF_NA/A.NGDP_XDC+NGDP_R_XDC+NGDPVA_ISIC4_C_XDC+NEGS_XGDP_PS+NIGS_XGDP_PS.VIE+THA+INO+MAL+SIN?startPeriod=2005&format=sdmx-csv",DF_NA.csv,317,"2024, 2025: For 2024, data refer to preliminary figures. For 2025, data refer to very preliminary figures.",BPS Statistics Indonesia,Calendar Year,
IDN,Indonesia,imports_pct,Imports of goods and services,2006,A,25.62241,percent_gdp,current,,observed,A,NIGS_XGDP_PS,ADB,"https://kidb.adb.org/api/v5/sdmx/data/ADB,DF_NA/A.NGDP_XDC+NGDP_R_XDC+NGDPVA_ISIC4_C_XDC+NEGS_XGDP_PS+NIGS_XGDP_PS.VIE+THA+INO+MAL+SIN?startPeriod=2005&format=sdmx-csv",DF_NA.csv,318,"2024, 2025: For 2024, data refer to preliminary figures. For 2025, data refer to very preliminary figures.",BPS Statistics Indonesia,Calendar Year,
IDN,Indonesia,imports_pct,Imports of goods and services,2007,A,25.39353,percent_gdp,current,,observed,A,NIGS_XGDP_PS,ADB,"https://kidb.adb.org/api/v5/sdmx/data/ADB,DF_NA/A.NGDP_XDC+NGDP_R_XDC+NGDPVA_ISIC4_C_XDC+NEGS_XGDP_PS+NIGS_XGDP_PS.VIE+THA+INO+MAL+SIN?startPeriod=2005&format=sdmx-csv",DF_NA.csv,319,"2024, 2025: For 2024, data refer to preliminary figures. For 2025, data refer to very preliminary figures.",BPS Statistics Indonesia,Calendar Year,
IDN,Indonesia,imports_pct,Imports of goods and services,2008,A,28.75312,percent_gdp,current,,observed,A,NIGS_XGDP_PS,ADB,"https://kidb.adb.org/api/v5/sdmx/data/ADB,DF_NA/A.NGDP_XDC+NGDP_R_XDC+NGDPVA_ISIC4_C_XDC+NEGS_XGDP_PS+NIGS_XGDP_PS.VIE+THA+INO+MAL+SIN?startPeriod=2005&format=sdmx-csv",DF_NA.csv,320,"2024, 2025: For 2024, data refer to preliminary figures. For 2025, data refer to very preliminary figures.",BPS Statistics Indonesia,Calendar Year,
IDN,Indonesia,imports_pct,Imports of goods and services,2009,A,21.35301,percent_gdp,current,,observed,A,NIGS_XGDP_PS,ADB,"https://kidb.adb.org/api/v5/sdmx/data/ADB,DF_NA/A.NGDP_XDC+NGDP_R_XDC+NGDPVA_ISIC4_C_XDC+NEGS_XGDP_PS+NIGS_XGDP_PS.VIE+THA+INO+MAL+SIN?startPeriod=2005&format=sdmx-csv",DF_NA.csv,321,"2024, 2025: For 2024, data refer to preliminary figures. For 2025, data refer to very preliminary figures.",BPS Statistics Indonesia,Calendar Year,
IDN,Indonesia,imports_pct,Imports of goods and services,2010,A,22.40224294,percent_gdp,current,,unknown,B,NIGS_XGDP_PS,ADB,"https://kidb.adb.org/api/v5/sdmx/data/ADB,DF_NA/A.NGDP_XDC+NGDP_R_XDC+NGDPVA_ISIC4_C_XDC+NEGS_XGDP_PS+NIGS_XGDP_PS.VIE+THA+INO+MAL+SIN?startPeriod=2005&format=sdmx-csv",DF_NA.csv,322,"2024, 2025: For 2024, data refer to preliminary figures. For 2025, data refer to very preliminary figures.",BPS Statistics Indonesia,Calendar Year,System of National Accounts - 2008
IDN,Indonesia,imports_pct,Imports of goods and services,2011,A,23.85266009,percent_gdp,current,,observed,A,NIGS_XGDP_PS,ADB,"https://kidb.adb.org/api/v5/sdmx/data/ADB,DF_NA/A.NGDP_XDC+NGDP_R_XDC+NGDPVA_ISIC4_C_XDC+NEGS_XGDP_PS+NIGS_XGDP_PS.VIE+THA+INO+MAL+SIN?startPeriod=2005&format=sdmx-csv",DF_NA.csv,323,"2024, 2025: For 2024, data refer to preliminary figures. For 2025, data refer to very preliminary figures.",BPS Statistics Indonesia,Calendar Year,System of National Accounts - 2008
IDN,Indonesia,imports_pct,Imports of goods and services,2012,A,24.98851951,percent_gdp,current,,observed,A,NIGS_XGDP_PS,ADB,"https://kidb.adb.org/api/v5/sdmx/data/ADB,DF_NA/A.NGDP_XDC+NGDP_R_XDC+NGDPVA_ISIC4_C_XDC+NEGS_XGDP_PS+NIGS_XGDP_PS.VIE+THA+INO+MAL+SIN?startPeriod=2005&format=sdmx-csv",DF_NA.csv,324,"2024, 2025: For 2024, data refer to preliminary figures. For 2025, data refer to very preliminary figures.",BPS Statistics Indonesia,Calendar Year,System of National Accounts - 2008
IDN,Indonesia,imports_pct,Imports of goods and services,2013,A,24.7137963,percent_gdp,current,,observed,A,NIGS_XGDP_PS,ADB,"https://kidb.adb.org/api/v5/sdmx/data/ADB,DF_NA/A.NGDP_XDC+NGDP_R_XDC+NGDPVA_ISIC4_C_XDC+NEGS_XGDP_PS+NIGS_XGDP_PS.VIE+THA+INO+MAL+SIN?startPeriod=2005&format=sdmx-csv",DF_NA.csv,325,"2024, 2025: For 2024, data refer to preliminary figures. For 2025, data refer to very preliminary figures.",BPS Statistics Indonesia,Calendar Year,System of National Accounts - 2008
IDN,Indonesia,imports_pct,Imports of goods and services,2014,A,24.41419099,percent_gdp,current,,observed,A,NIGS_XGDP_PS,ADB,"https://kidb.adb.org/api/v5/sdmx/data/ADB,DF_NA/A.NGDP_XDC+NGDP_R_XDC+NGDPVA_ISIC4_C_XDC+NEGS_XGDP_PS+NIGS_XGDP_PS.VIE+THA+INO+MAL+SIN?startPeriod=2005&format=sdmx-csv",DF_NA.csv,326,"2024, 2025: For 2024, data refer to preliminary figures. For 2025, data refer to very preliminary figures.",BPS Statistics Indonesia,Calendar Year,System of National Accounts - 2008
IDN,Indonesia,imports_pct,Imports of goods and services,2015,A,20.77746098,percent_gdp,current,,observed,A,NIGS_XGDP_PS,ADB,"https://kidb.adb.org/api/v5/sdmx/data/ADB,DF_NA/A.NGDP_XDC+NGDP_R_XDC+NGDPVA_ISIC4_C_XDC+NEGS_XGDP_PS+NIGS_XGDP_PS.VIE+THA+INO+MAL+SIN?startPeriod=2005&format=sdmx-csv",DF_NA.csv,327,"2024, 2025: For 2024, data refer to preliminary figures. For 2025, data refer to very preliminary figures.",BPS Statistics Indonesia,Calendar Year,System of National Accounts - 2008
IDN,Indonesia,imports_pct,Imports of goods and services,2016,A,18.33234795,percent_gdp,current,,observed,A,NIGS_XGDP_PS,ADB,"https://kidb.adb.org/api/v5/sdmx/data/ADB,DF_NA/A.NGDP_XDC+NGDP_R_XDC+NGDPVA_ISIC4_C_XDC+NEGS_XGDP_PS+NIGS_XGDP_PS.VIE+THA+INO+MAL+SIN?startPeriod=2005&format=sdmx-csv",DF_NA.csv,328,"2024, 2025: For 2024, data refer to preliminary figures. For 2025, data refer to very preliminary figures.",BPS Statistics Indonesia,Calendar Year,System of National Accounts - 2008
IDN,Indonesia,imports_pct,Imports of goods and services,2017,A,19.17819264,percent_gdp,current,,observed,A,NIGS_XGDP_PS,ADB,"https://kidb.adb.org/api/v5/sdmx/data/ADB,DF_NA/A.NGDP_XDC+NGDP_R_XDC+NGDPVA_ISIC4_C_XDC+NEGS_XGDP_PS+NIGS_XGDP_PS.VIE+THA+INO+MAL+SIN?startPeriod=2005&format=sdmx-csv",DF_NA.csv,329,"2024, 2025: For 2024, data refer to preliminary figures. For 2025, data refer to very preliminary figures.",BPS Statistics Indonesia,Calendar Year,System of National Accounts - 2008
IDN,Indonesia,imports_pct,Imports of goods and services,2018,A,22.07156246,percent_gdp,current,,observed,A,NIGS_XGDP_PS,ADB,"https://kidb.adb.org/api/v5/sdmx/data/ADB,DF_NA/A.NGDP_XDC+NGDP_R_XDC+NGDPVA_ISIC4_C_XDC+NEGS_XGDP_PS+NIGS_XGDP_PS.VIE+THA+INO+MAL+SIN?startPeriod=2005&format=sdmx-csv",DF_NA.csv,330,"2024, 2025: For 2024, data refer to preliminary figures. For 2025, data refer to very preliminary figures.",BPS Statistics Indonesia,Calendar Year,System of National Accounts - 2008
IDN,Indonesia,imports_pct,Imports of goods and services,2019,A,19.03624974,percent_gdp,current,,observed,A,NIGS_XGDP_PS,ADB,"https://kidb.adb.org/api/v5/sdmx/data/ADB,DF_NA/A.NGDP_XDC+NGDP_R_XDC+NGDPVA_ISIC4_C_XDC+NEGS_XGDP_PS+NIGS_XGDP_PS.VIE+THA+INO+MAL+SIN?startPeriod=2005&format=sdmx-csv",DF_NA.csv,331,"2024, 2025: For 2024, data refer to preliminary figures. For 2025, data refer to very preliminary figures.",BPS Statistics Indonesia,Calendar Year,System of National Accounts - 2008
IDN,Indonesia,imports_pct,Imports of goods and services,2020,A,15.64100712,percent_gdp,current,,observed,A,NIGS_XGDP_PS,ADB,"https://kidb.adb.org/api/v5/sdmx/data/ADB,DF_NA/A.NGDP_XDC+NGDP_R_XDC+NGDPVA_ISIC4_C_XDC+NEGS_XGDP_PS+NIGS_XGDP_PS.VIE+THA+INO+MAL+SIN?startPeriod=2005&format=sdmx-csv",DF_NA.csv,332,"2024, 2025: For 2024, data refer to preliminary figures. For 2025, data refer to very preliminary figures.",BPS Statistics Indonesia,Calendar Year,System of National Accounts - 2008
IDN,Indonesia,imports_pct,Imports of goods and services,2021,A,18.78820264,percent_gdp,current,,observed,A,NIGS_XGDP_PS,ADB,"https://kidb.adb.org/api/v5/sdmx/data/ADB,DF_NA/A.NGDP_XDC+NGDP_R_XDC+NGDPVA_ISIC4_C_XDC+NEGS_XGDP_PS+NIGS_XGDP_PS.VIE+THA+INO+MAL+SIN?startPeriod=2005&format=sdmx-csv",DF_NA.csv,333,"2024, 2025: For 2024, data refer to preliminary figures. For 2025, data refer to very preliminary figures.",BPS Statistics Indonesia,Calendar Year,System of National Accounts - 2008
IDN,Indonesia,imports_pct,Imports of goods and services,2022,A,20.96175851,percent_gdp,current,,observed,A,NIGS_XGDP_PS,ADB,"https://kidb.adb.org/api/v5/sdmx/data/ADB,DF_NA/A.NGDP_XDC+NGDP_R_XDC+NGDPVA_ISIC4_C_XDC+NEGS_XGDP_PS+NIGS_XGDP_PS.VIE+THA+INO+MAL+SIN?startPeriod=2005&format=sdmx-csv",DF_NA.csv,334,"2024, 2025: For 2024, data refer to preliminary figures. For 2025, data refer to very preliminary figures.",BPS Statistics Indonesia,Calendar Year,System of National Accounts - 2008
IDN,Indonesia,imports_pct,Imports of goods and services,2023,A,19.6519133,percent_gdp,current,,observed,A,NIGS_XGDP_PS,ADB,"https://kidb.adb.org/api/v5/sdmx/data/ADB,DF_NA/A.NGDP_XDC+NGDP_R_XDC+NGDPVA_ISIC4_C_XDC+NEGS_XGDP_PS+NIGS_XGDP_PS.VIE+THA+INO+MAL+SIN?startPeriod=2005&format=sdmx-csv",DF_NA.csv,335,"2024, 2025: For 2024, data refer to preliminary figures. For 2025, data refer to very preliminary figures.",BPS Statistics Indonesia,Calendar Year,System of National Accounts - 2008
IDN,Indonesia,imports_pct,Imports of goods and services,2024,A,20.50028911,percent_gdp,current,,provisional,P,NIGS_XGDP_PS,ADB,"https://kidb.adb.org/api/v5/sdmx/data/ADB,DF_NA/A.NGDP_XDC+NGDP_R_XDC+NGDPVA_ISIC4_C_XDC+NEGS_XGDP_PS+NIGS_XGDP_PS.VIE+THA+INO+MAL+SIN?startPeriod=2005&format=sdmx-csv",DF_NA.csv,336,"2024, 2025: For 2024, data refer to preliminary figures. For 2025, data refer to very preliminary figures.",BPS Statistics Indonesia,Calendar Year,System of National Accounts - 2008
IDN,Indonesia,imports_pct,Imports of goods and services,2025,A,20.54465877,percent_gdp,current,,provisional,P,NIGS_XGDP_PS,ADB,"https://kidb.adb.org/api/v5/sdmx/data/ADB,DF_NA/A.NGDP_XDC+NGDP_R_XDC+NGDPVA_ISIC4_C_XDC+NEGS_XGDP_PS+NIGS_XGDP_PS.VIE+THA+INO+MAL+SIN?startPeriod=2005&format=sdmx-csv",DF_NA.csv,337,"2024, 2025: For 2024, data refer to preliminary figures. For 2025, data refer to very preliminary figures.",BPS Statistics Indonesia,Calendar Year,System of National Accounts - 2008
IDN,Indonesia,manufacturing_lcu,Manufacturing at current prices,2005,A,7.603613e+14,IDR,current,,observed,A,NGDPVA_ISIC4_C_XDC,ADB,"https://kidb.adb.org/api/v5/sdmx/data/ADB,DF_NA/A.NGDP_XDC+NGDP_R_XDC+NGDPVA_ISIC4_C_XDC+NEGS_XGDP_PS+NIGS_XGDP_PS.VIE+THA+INO+MAL+SIN?startPeriod=2005&format=sdmx-csv",DF_NA.csv,107,,BPS Statistics Indonesia,Calendar Year,
IDN,Indonesia,manufacturing_lcu,Manufacturing at current prices,2006,A,9.195393e+14,IDR,current,,observed,A,NGDPVA_ISIC4_C_XDC,ADB,"https://kidb.adb.org/api/v5/sdmx/data/ADB,DF_NA/A.NGDP_XDC+NGDP_R_XDC+NGDPVA_ISIC4_C_XDC+NEGS_XGDP_PS+NIGS_XGDP_PS.VIE+THA+INO+MAL+SIN?startPeriod=2005&format=sdmx-csv",DF_NA.csv,108,,BPS Statistics Indonesia,Calendar Year,
IDN,Indonesia,manufacturing_lcu,Manufacturing at current prices,2007,A,1.0686539e+15,IDR,current,,observed,A,NGDPVA_ISIC4_C_XDC,ADB,"https://kidb.adb.org/api/v5/sdmx/data/ADB,DF_NA/A.NGDP_XDC+NGDP_R_XDC+NGDPVA_ISIC4_C_XDC+NEGS_XGDP_PS+NIGS_XGDP_PS.VIE+THA+INO+MAL+SIN?startPeriod=2005&format=sdmx-csv",DF_NA.csv,109,,BPS Statistics Indonesia,Calendar Year,
IDN,Indonesia,manufacturing_lcu,Manufacturing at current prices,2008,A,1.3764417e+15,IDR,current,,observed,A,NGDPVA_ISIC4_C_XDC,ADB,"https://kidb.adb.org/api/v5/sdmx/data/ADB,DF_NA/A.NGDP_XDC+NGDP_R_XDC+NGDPVA_ISIC4_C_XDC+NEGS_XGDP_PS+NIGS_XGDP_PS.VIE+THA+INO+MAL+SIN?startPeriod=2005&format=sdmx-csv",DF_NA.csv,110,,BPS Statistics Indonesia,Calendar Year,
IDN,Indonesia,manufacturing_lcu,Manufacturing at current prices,2009,A,1.477541e+15,IDR,current,,observed,A,NGDPVA_ISIC4_C_XDC,ADB,"https://kidb.adb.org/api/v5/sdmx/data/ADB,DF_NA/A.NGDP_XDC+NGDP_R_XDC+NGDPVA_ISIC4_C_XDC+NEGS_XGDP_PS+NIGS_XGDP_PS.VIE+THA+INO+MAL+SIN?startPeriod=2005&format=sdmx-csv",DF_NA.csv,111,,BPS Statistics Indonesia,Calendar Year,
IDN,Indonesia,manufacturing_lcu,Manufacturing at current prices,2010,A,1.5127608e+15,IDR,current,,unknown,B,NGDPVA_ISIC4_C_XDC,ADB,"https://kidb.adb.org/api/v5/sdmx/data/ADB,DF_NA/A.NGDP_XDC+NGDP_R_XDC+NGDPVA_ISIC4_C_XDC+NEGS_XGDP_PS+NIGS_XGDP_PS.VIE+THA+INO+MAL+SIN?startPeriod=2005&format=sdmx-csv",DF_NA.csv,112,,BPS Statistics Indonesia,Calendar Year,System of National Accounts - 2008
IDN,Indonesia,manufacturing_lcu,Manufacturing at current prices,2011,A,1.7042505e+15,IDR,current,,observed,A,NGDPVA_ISIC4_C_XDC,ADB,"https://kidb.adb.org/api/v5/sdmx/data/ADB,DF_NA/A.NGDP_XDC+NGDP_R_XDC+NGDPVA_ISIC4_C_XDC+NEGS_XGDP_PS+NIGS_XGDP_PS.VIE+THA+INO+MAL+SIN?startPeriod=2005&format=sdmx-csv",DF_NA.csv,113,,BPS Statistics Indonesia,Calendar Year,System of National Accounts - 2008
IDN,Indonesia,manufacturing_lcu,Manufacturing at current prices,2012,A,1.8481509e+15,IDR,current,,observed,A,NGDPVA_ISIC4_C_XDC,ADB,"https://kidb.adb.org/api/v5/sdmx/data/ADB,DF_NA/A.NGDP_XDC+NGDP_R_XDC+NGDPVA_ISIC4_C_XDC+NEGS_XGDP_PS+NIGS_XGDP_PS.VIE+THA+INO+MAL+SIN?startPeriod=2005&format=sdmx-csv",DF_NA.csv,114,,BPS Statistics Indonesia,Calendar Year,System of National Accounts - 2008
IDN,Indonesia,manufacturing_lcu,Manufacturing at current prices,2013,A,2.0074268e+15,IDR,current,,observed,A,NGDPVA_ISIC4_C_XDC,ADB,"https://kidb.adb.org/api/v5/sdmx/data/ADB,DF_NA/A.NGDP_XDC+NGDP_R_XDC+NGDPVA_ISIC4_C_XDC+NEGS_XGDP_PS+NIGS_XGDP_PS.VIE+THA+INO+MAL+SIN?startPeriod=2005&format=sdmx-csv",DF_NA.csv,115,,BPS Statistics Indonesia,Calendar Year,System of National Accounts - 2008
IDN,Indonesia,manufacturing_lcu,Manufacturing at current prices,2014,A,2.227584e+15,IDR,current,,observed,A,NGDPVA_ISIC4_C_XDC,ADB,"https://kidb.adb.org/api/v5/sdmx/data/ADB,DF_NA/A.NGDP_XDC+NGDP_R_XDC+NGDPVA_ISIC4_C_XDC+NEGS_XGDP_PS+NIGS_XGDP_PS.VIE+THA+INO+MAL+SIN?startPeriod=2005&format=sdmx-csv",DF_NA.csv,116,,BPS Statistics Indonesia,Calendar Year,System of National Accounts - 2008
IDN,Indonesia,manufacturing_lcu,Manufacturing at current prices,2015,A,2.4188917e+15,IDR,current,,observed,A,NGDPVA_ISIC4_C_XDC,ADB,"https://kidb.adb.org/api/v5/sdmx/data/ADB,DF_NA/A.NGDP_XDC+NGDP_R_XDC+NGDPVA_ISIC4_C_XDC+NEGS_XGDP_PS+NIGS_XGDP_PS.VIE+THA+INO+MAL+SIN?startPeriod=2005&format=sdmx-csv",DF_NA.csv,117,,BPS Statistics Indonesia,Calendar Year,System of National Accounts - 2008
IDN,Indonesia,manufacturing_lcu,Manufacturing at current prices,2016,A,2.5452036e+15,IDR,current,,observed,A,NGDPVA_ISIC4_C_XDC,ADB,"https://kidb.adb.org/api/v5/sdmx/data/ADB,DF_NA/A.NGDP_XDC+NGDP_R_XDC+NGDPVA_ISIC4_C_XDC+NEGS_XGDP_PS+NIGS_XGDP_PS.VIE+THA+INO+MAL+SIN?startPeriod=2005&format=sdmx-csv",DF_NA.csv,118,,BPS Statistics Indonesia,Calendar Year,System of National Accounts - 2008
IDN,Indonesia,manufacturing_lcu,Manufacturing at current prices,2017,A,2.7397119e+15,IDR,current,,observed,A,NGDPVA_ISIC4_C_XDC,ADB,"https://kidb.adb.org/api/v5/sdmx/data/ADB,DF_NA/A.NGDP_XDC+NGDP_R_XDC+NGDPVA_ISIC4_C_XDC+NEGS_XGDP_PS+NIGS_XGDP_PS.VIE+THA+INO+MAL+SIN?startPeriod=2005&format=sdmx-csv",DF_NA.csv,119,,BPS Statistics Indonesia,Calendar Year,System of National Accounts - 2008
IDN,Indonesia,manufacturing_lcu,Manufacturing at current prices,2018,A,2.9474508e+15,IDR,current,,observed,A,NGDPVA_ISIC4_C_XDC,ADB,"https://kidb.adb.org/api/v5/sdmx/data/ADB,DF_NA/A.NGDP_XDC+NGDP_R_XDC+NGDPVA_ISIC4_C_XDC+NEGS_XGDP_PS+NIGS_XGDP_PS.VIE+THA+INO+MAL+SIN?startPeriod=2005&format=sdmx-csv",DF_NA.csv,120,,BPS Statistics Indonesia,Calendar Year,System of National Accounts - 2008
IDN,Indonesia,manufacturing_lcu,Manufacturing at current prices,2019,A,3.1195938e+15,IDR,current,,observed,A,NGDPVA_ISIC4_C_XDC,ADB,"https://kidb.adb.org/api/v5/sdmx/data/ADB,DF_NA/A.NGDP_XDC+NGDP_R_XDC+NGDPVA_ISIC4_C_XDC+NEGS_XGDP_PS+NIGS_XGDP_PS.VIE+THA+INO+MAL+SIN?startPeriod=2005&format=sdmx-csv",DF_NA.csv,121,,BPS Statistics Indonesia,Calendar Year,System of National Accounts - 2008
IDN,Indonesia,manufacturing_lcu,Manufacturing at current prices,2020,A,3.0680417e+15,IDR,current,,observed,A,NGDPVA_ISIC4_C_XDC,ADB,"https://kidb.adb.org/api/v5/sdmx/data/ADB,DF_NA/A.NGDP_XDC+NGDP_R_XDC+NGDPVA_ISIC4_C_XDC+NEGS_XGDP_PS+NIGS_XGDP_PS.VIE+THA+INO+MAL+SIN?startPeriod=2005&format=sdmx-csv",DF_NA.csv,122,,BPS Statistics Indonesia,Calendar Year,System of National Accounts - 2008
IDN,Indonesia,manufacturing_lcu,Manufacturing at current prices,2021,A,3.2669e+15,IDR,current,,observed,A,NGDPVA_ISIC4_C_XDC,ADB,"https://kidb.adb.org/api/v5/sdmx/data/ADB,DF_NA/A.NGDP_XDC+NGDP_R_XDC+NGDPVA_ISIC4_C_XDC+NEGS_XGDP_PS+NIGS_XGDP_PS.VIE+THA+INO+MAL+SIN?startPeriod=2005&format=sdmx-csv",DF_NA.csv,123,,BPS Statistics Indonesia,Calendar Year,System of National Accounts - 2008
IDN,Indonesia,manufacturing_lcu,Manufacturing at current prices,2022,A,3.5917747e+15,IDR,current,,observed,A,NGDPVA_ISIC4_C_XDC,ADB,"https://kidb.adb.org/api/v5/sdmx/data/ADB,DF_NA/A.NGDP_XDC+NGDP_R_XDC+NGDPVA_ISIC4_C_XDC+NEGS_XGDP_PS+NIGS_XGDP_PS.VIE+THA+INO+MAL+SIN?startPeriod=2005&format=sdmx-csv",DF_NA.csv,124,,BPS Statistics Indonesia,Calendar Year,System of National Accounts - 2008
IDN,Indonesia,manufacturing_lcu,Manufacturing at current prices,2023,A,3.9000617e+15,IDR,current,,observed,A,NGDPVA_ISIC4_C_XDC,ADB,"https://kidb.adb.org/api/v5/sdmx/data/ADB,DF_NA/A.NGDP_XDC+NGDP_R_XDC+NGDPVA_ISIC4_C_XDC+NEGS_XGDP_PS+NIGS_XGDP_PS.VIE+THA+INO+MAL+SIN?startPeriod=2005&format=sdmx-csv",DF_NA.csv,125,,BPS Statistics Indonesia,Calendar Year,System of National Accounts - 2008
IDN,Indonesia,manufacturing_lcu,Manufacturing at current prices,2024,A,4.2028669e+15,IDR,current,,provisional,P,NGDPVA_ISIC4_C_XDC,ADB,"https://kidb.adb.org/api/v5/sdmx/data/ADB,DF_NA/A.NGDP_XDC+NGDP_R_XDC+NGDPVA_ISIC4_C_XDC+NEGS_XGDP_PS+NIGS_XGDP_PS.VIE+THA+INO+MAL+SIN?startPeriod=2005&format=sdmx-csv",DF_NA.csv,126,,BPS Statistics Indonesia,Calendar Year,System of National Accounts - 2008
IDN,Indonesia,manufacturing_lcu,Manufacturing at current prices,2025,A,4.5415196e+15,IDR,current,,provisional,P,NGDPVA_ISIC4_C_XDC,ADB,"https://kidb.adb.org/api/v5/sdmx/data/ADB,DF_NA/A.NGDP_XDC+NGDP_R_XDC+NGDPVA_ISIC4_C_XDC+NEGS_XGDP_PS+NIGS_XGDP_PS.VIE+THA+INO+MAL+SIN?startPeriod=2005&format=sdmx-csv",DF_NA.csv,127,,BPS Statistics Indonesia,Calendar Year,System of National Accounts - 2008
IDN,Indonesia,nominal_gdp_lcu,GDP at current prices,2005,A,2.7742811e+15,IDR,current,,observed,A,NGDP_XDC,ADB,"https://kidb.adb.org/api/v5/sdmx/data/ADB,DF_NA/A.NGDP_XDC+NGDP_R_XDC+NGDPVA_ISIC4_C_XDC+NEGS_XGDP_PS+NIGS_XGDP_PS.VIE+THA+INO+MAL+SIN?startPeriod=2005&format=sdmx-csv",DF_NA.csv,2,"1) For 2010 onward, data are based on the 2008 System of National Accounts. Base year was also changed from 2000 to 2010.|2) 2024, 2025: For 2024, data refer to preliminary figures. For 2025, data refer to very preliminary figures.",BPS Statistics Indonesia,Calendar Year,
IDN,Indonesia,nominal_gdp_lcu,GDP at current prices,2006,A,3.3392168e+15,IDR,current,,observed,A,NGDP_XDC,ADB,"https://kidb.adb.org/api/v5/sdmx/data/ADB,DF_NA/A.NGDP_XDC+NGDP_R_XDC+NGDPVA_ISIC4_C_XDC+NEGS_XGDP_PS+NIGS_XGDP_PS.VIE+THA+INO+MAL+SIN?startPeriod=2005&format=sdmx-csv",DF_NA.csv,3,"1) For 2010 onward, data are based on the 2008 System of National Accounts. Base year was also changed from 2000 to 2010.|2) 2024, 2025: For 2024, data refer to preliminary figures. For 2025, data refer to very preliminary figures.",BPS Statistics Indonesia,Calendar Year,
IDN,Indonesia,nominal_gdp_lcu,GDP at current prices,2007,A,3.9508932e+15,IDR,current,,observed,A,NGDP_XDC,ADB,"https://kidb.adb.org/api/v5/sdmx/data/ADB,DF_NA/A.NGDP_XDC+NGDP_R_XDC+NGDPVA_ISIC4_C_XDC+NEGS_XGDP_PS+NIGS_XGDP_PS.VIE+THA+INO+MAL+SIN?startPeriod=2005&format=sdmx-csv",DF_NA.csv,4,"1) For 2010 onward, data are based on the 2008 System of National Accounts. Base year was also changed from 2000 to 2010.|2) 2024, 2025: For 2024, data refer to preliminary figures. For 2025, data refer to very preliminary figures.",BPS Statistics Indonesia,Calendar Year,
IDN,Indonesia,nominal_gdp_lcu,GDP at current prices,2008,A,4.9486884e+15,IDR,current,,observed,A,NGDP_XDC,ADB,"https://kidb.adb.org/api/v5/sdmx/data/ADB,DF_NA/A.NGDP_XDC+NGDP_R_XDC+NGDPVA_ISIC4_C_XDC+NEGS_XGDP_PS+NIGS_XGDP_PS.VIE+THA+INO+MAL+SIN?startPeriod=2005&format=sdmx-csv",DF_NA.csv,5,"1) For 2010 onward, data are based on the 2008 System of National Accounts. Base year was also changed from 2000 to 2010.|2) 2024, 2025: For 2024, data refer to preliminary figures. For 2025, data refer to very preliminary figures.",BPS Statistics Indonesia,Calendar Year,
IDN,Indonesia,nominal_gdp_lcu,GDP at current prices,2009,A,5.606203e+15,IDR,current,,observed,A,NGDP_XDC,ADB,"https://kidb.adb.org/api/v5/sdmx/data/ADB,DF_NA/A.NGDP_XDC+NGDP_R_XDC+NGDPVA_ISIC4_C_XDC+NEGS_XGDP_PS+NIGS_XGDP_PS.VIE+THA+INO+MAL+SIN?startPeriod=2005&format=sdmx-csv",DF_NA.csv,6,"1) For 2010 onward, data are based on the 2008 System of National Accounts. Base year was also changed from 2000 to 2010.|2) 2024, 2025: For 2024, data refer to preliminary figures. For 2025, data refer to very preliminary figures.",BPS Statistics Indonesia,Calendar Year,
IDN,Indonesia,nominal_gdp_lcu,GDP at current prices,2010,A,6.8641331e+15,IDR,current,,unknown,B,NGDP_XDC,ADB,"https://kidb.adb.org/api/v5/sdmx/data/ADB,DF_NA/A.NGDP_XDC+NGDP_R_XDC+NGDPVA_ISIC4_C_XDC+NEGS_XGDP_PS+NIGS_XGDP_PS.VIE+THA+INO+MAL+SIN?startPeriod=2005&format=sdmx-csv",DF_NA.csv,7,"1) For 2010 onward, data are based on the 2008 System of National Accounts. Base year was also changed from 2000 to 2010.|2) 2024, 2025: For 2024, data refer to preliminary figures. For 2025, data refer to very preliminary figures.",BPS Statistics Indonesia,Calendar Year,System of National Accounts - 2008
IDN,Indonesia,nominal_gdp_lcu,GDP at current prices,2011,A,7.831726e+15,IDR,current,,observed,A,NGDP_XDC,ADB,"https://kidb.adb.org/api/v5/sdmx/data/ADB,DF_NA/A.NGDP_XDC+NGDP_R_XDC+NGDPVA_ISIC4_C_XDC+NEGS_XGDP_PS+NIGS_XGDP_PS.VIE+THA+INO+MAL+SIN?startPeriod=2005&format=sdmx-csv",DF_NA.csv,8,"1) For 2010 onward, data are based on the 2008 System of National Accounts. Base year was also changed from 2000 to 2010.|2) 2024, 2025: For 2024, data refer to preliminary figures. For 2025, data refer to very preliminary figures.",BPS Statistics Indonesia,Calendar Year,System of National Accounts - 2008
IDN,Indonesia,nominal_gdp_lcu,GDP at current prices,2012,A,8.6157045e+15,IDR,current,,observed,A,NGDP_XDC,ADB,"https://kidb.adb.org/api/v5/sdmx/data/ADB,DF_NA/A.NGDP_XDC+NGDP_R_XDC+NGDPVA_ISIC4_C_XDC+NEGS_XGDP_PS+NIGS_XGDP_PS.VIE+THA+INO+MAL+SIN?startPeriod=2005&format=sdmx-csv",DF_NA.csv,9,"1) For 2010 onward, data are based on the 2008 System of National Accounts. Base year was also changed from 2000 to 2010.|2) 2024, 2025: For 2024, data refer to preliminary figures. For 2025, data refer to very preliminary figures.",BPS Statistics Indonesia,Calendar Year,System of National Accounts - 2008
IDN,Indonesia,nominal_gdp_lcu,GDP at current prices,2013,A,9.546134e+15,IDR,current,,observed,A,NGDP_XDC,ADB,"https://kidb.adb.org/api/v5/sdmx/data/ADB,DF_NA/A.NGDP_XDC+NGDP_R_XDC+NGDPVA_ISIC4_C_XDC+NEGS_XGDP_PS+NIGS_XGDP_PS.VIE+THA+INO+MAL+SIN?startPeriod=2005&format=sdmx-csv",DF_NA.csv,10,"1) For 2010 onward, data are based on the 2008 System of National Accounts. Base year was also changed from 2000 to 2010.|2) 2024, 2025: For 2024, data refer to preliminary figures. For 2025, data refer to very preliminary figures.",BPS Statistics Indonesia,Calendar Year,System of National Accounts - 2008
IDN,Indonesia,nominal_gdp_lcu,GDP at current prices,2014,A,1.05697053e+16,IDR,current,,observed,A,NGDP_XDC,ADB,"https://kidb.adb.org/api/v5/sdmx/data/ADB,DF_NA/A.NGDP_XDC+NGDP_R_XDC+NGDPVA_ISIC4_C_XDC+NEGS_XGDP_PS+NIGS_XGDP_PS.VIE+THA+INO+MAL+SIN?startPeriod=2005&format=sdmx-csv",DF_NA.csv,11,"1) For 2010 onward, data are based on the 2008 System of National Accounts. Base year was also changed from 2000 to 2010.|2) 2024, 2025: For 2024, data refer to preliminary figures. For 2025, data refer to very preliminary figures.",BPS Statistics Indonesia,Calendar Year,System of National Accounts - 2008
IDN,Indonesia,nominal_gdp_lcu,GDP at current prices,2015,A,1.15263328e+16,IDR,current,,observed,A,NGDP_XDC,ADB,"https://kidb.adb.org/api/v5/sdmx/data/ADB,DF_NA/A.NGDP_XDC+NGDP_R_XDC+NGDPVA_ISIC4_C_XDC+NEGS_XGDP_PS+NIGS_XGDP_PS.VIE+THA+INO+MAL+SIN?startPeriod=2005&format=sdmx-csv",DF_NA.csv,12,"1) For 2010 onward, data are based on the 2008 System of National Accounts. Base year was also changed from 2000 to 2010.|2) 2024, 2025: For 2024, data refer to preliminary figures. For 2025, data refer to very preliminary figures.",BPS Statistics Indonesia,Calendar Year,System of National Accounts - 2008
IDN,Indonesia,nominal_gdp_lcu,GDP at current prices,2016,A,1.24017285e+16,IDR,current,,observed,A,NGDP_XDC,ADB,"https://kidb.adb.org/api/v5/sdmx/data/ADB,DF_NA/A.NGDP_XDC+NGDP_R_XDC+NGDPVA_ISIC4_C_XDC+NEGS_XGDP_PS+NIGS_XGDP_PS.VIE+THA+INO+MAL+SIN?startPeriod=2005&format=sdmx-csv",DF_NA.csv,13,"1) For 2010 onward, data are based on the 2008 System of National Accounts. Base year was also changed from 2000 to 2010.|2) 2024, 2025: For 2024, data refer to preliminary figures. For 2025, data refer to very preliminary figures.",BPS Statistics Indonesia,Calendar Year,System of National Accounts - 2008
IDN,Indonesia,nominal_gdp_lcu,GDP at current prices,2017,A,1.35898257e+16,IDR,current,,observed,A,NGDP_XDC,ADB,"https://kidb.adb.org/api/v5/sdmx/data/ADB,DF_NA/A.NGDP_XDC+NGDP_R_XDC+NGDPVA_ISIC4_C_XDC+NEGS_XGDP_PS+NIGS_XGDP_PS.VIE+THA+INO+MAL+SIN?startPeriod=2005&format=sdmx-csv",DF_NA.csv,14,"1) For 2010 onward, data are based on the 2008 System of National Accounts. Base year was also changed from 2000 to 2010.|2) 2024, 2025: For 2024, data refer to preliminary figures. For 2025, data refer to very preliminary figures.",BPS Statistics Indonesia,Calendar Year,System of National Accounts - 2008
IDN,Indonesia,nominal_gdp_lcu,GDP at current prices,2018,A,1.4838756e+16,IDR,current,,observed,A,NGDP_XDC,ADB,"https://kidb.adb.org/api/v5/sdmx/data/ADB,DF_NA/A.NGDP_XDC+NGDP_R_XDC+NGDPVA_ISIC4_C_XDC+NEGS_XGDP_PS+NIGS_XGDP_PS.VIE+THA+INO+MAL+SIN?startPeriod=2005&format=sdmx-csv",DF_NA.csv,15,"1) For 2010 onward, data are based on the 2008 System of National Accounts. Base year was also changed from 2000 to 2010.|2) 2024, 2025: For 2024, data refer to preliminary figures. For 2025, data refer to very preliminary figures.",BPS Statistics Indonesia,Calendar Year,System of National Accounts - 2008
IDN,Indonesia,nominal_gdp_lcu,GDP at current prices,2019,A,1.58326572e+16,IDR,current,,observed,A,NGDP_XDC,ADB,"https://kidb.adb.org/api/v5/sdmx/data/ADB,DF_NA/A.NGDP_XDC+NGDP_R_XDC+NGDPVA_ISIC4_C_XDC+NEGS_XGDP_PS+NIGS_XGDP_PS.VIE+THA+INO+MAL+SIN?startPeriod=2005&format=sdmx-csv",DF_NA.csv,16,"1) For 2010 onward, data are based on the 2008 System of National Accounts. Base year was also changed from 2000 to 2010.|2) 2024, 2025: For 2024, data refer to preliminary figures. For 2025, data refer to very preliminary figures.",BPS Statistics Indonesia,Calendar Year,System of National Accounts - 2008
IDN,Indonesia,nominal_gdp_lcu,GDP at current prices,2020,A,1.54433532e+16,IDR,current,,observed,A,NGDP_XDC,ADB,"https://kidb.adb.org/api/v5/sdmx/data/ADB,DF_NA/A.NGDP_XDC+NGDP_R_XDC+NGDPVA_ISIC4_C_XDC+NEGS_XGDP_PS+NIGS_XGDP_PS.VIE+THA+INO+MAL+SIN?startPeriod=2005&format=sdmx-csv",DF_NA.csv,17,"1) For 2010 onward, data are based on the 2008 System of National Accounts. Base year was also changed from 2000 to 2010.|2) 2024, 2025: For 2024, data refer to preliminary figures. For 2025, data refer to very preliminary figures.",BPS Statistics Indonesia,Calendar Year,System of National Accounts - 2008
IDN,Indonesia,nominal_gdp_lcu,GDP at current prices,2021,A,1.69768e+16,IDR,current,,observed,A,NGDP_XDC,ADB,"https://kidb.adb.org/api/v5/sdmx/data/ADB,DF_NA/A.NGDP_XDC+NGDP_R_XDC+NGDPVA_ISIC4_C_XDC+NEGS_XGDP_PS+NIGS_XGDP_PS.VIE+THA+INO+MAL+SIN?startPeriod=2005&format=sdmx-csv",DF_NA.csv,18,"1) For 2010 onward, data are based on the 2008 System of National Accounts. Base year was also changed from 2000 to 2010.|2) 2024, 2025: For 2024, data refer to preliminary figures. For 2025, data refer to very preliminary figures.",BPS Statistics Indonesia,Calendar Year,System of National Accounts - 2008
IDN,Indonesia,nominal_gdp_lcu,GDP at current prices,2022,A,1.95884599e+16,IDR,current,,observed,A,NGDP_XDC,ADB,"https://kidb.adb.org/api/v5/sdmx/data/ADB,DF_NA/A.NGDP_XDC+NGDP_R_XDC+NGDPVA_ISIC4_C_XDC+NEGS_XGDP_PS+NIGS_XGDP_PS.VIE+THA+INO+MAL+SIN?startPeriod=2005&format=sdmx-csv",DF_NA.csv,19,"1) For 2010 onward, data are based on the 2008 System of National Accounts. Base year was also changed from 2000 to 2010.|2) 2024, 2025: For 2024, data refer to preliminary figures. For 2025, data refer to very preliminary figures.",BPS Statistics Indonesia,Calendar Year,System of National Accounts - 2008
IDN,Indonesia,nominal_gdp_lcu,GDP at current prices,2023,A,2.08923123e+16,IDR,current,,observed,A,NGDP_XDC,ADB,"https://kidb.adb.org/api/v5/sdmx/data/ADB,DF_NA/A.NGDP_XDC+NGDP_R_XDC+NGDPVA_ISIC4_C_XDC+NEGS_XGDP_PS+NIGS_XGDP_PS.VIE+THA+INO+MAL+SIN?startPeriod=2005&format=sdmx-csv",DF_NA.csv,20,"1) For 2010 onward, data are based on the 2008 System of National Accounts. Base year was also changed from 2000 to 2010.|2) 2024, 2025: For 2024, data refer to preliminary figures. For 2025, data refer to very preliminary figures.",BPS Statistics Indonesia,Calendar Year,System of National Accounts - 2008
IDN,Indonesia,nominal_gdp_lcu,GDP at current prices,2024,A,2.21389908e+16,IDR,current,,provisional,P,NGDP_XDC,ADB,"https://kidb.adb.org/api/v5/sdmx/data/ADB,DF_NA/A.NGDP_XDC+NGDP_R_XDC+NGDPVA_ISIC4_C_XDC+NEGS_XGDP_PS+NIGS_XGDP_PS.VIE+THA+INO+MAL+SIN?startPeriod=2005&format=sdmx-csv",DF_NA.csv,21,"1) For 2010 onward, data are based on the 2008 System of National Accounts. Base year was also changed from 2000 to 2010.|2) 2024, 2025: For 2024, data refer to preliminary figures. For 2025, data refer to very preliminary figures.",BPS Statistics Indonesia,Calendar Year,System of National Accounts - 2008
IDN,Indonesia,nominal_gdp_lcu,GDP at current prices,2025,A,2.38211036e+16,IDR,current,,provisional,P,NGDP_XDC,ADB,"https://kidb.adb.org/api/v5/sdmx/data/ADB,DF_NA/A.NGDP_XDC+NGDP_R_XDC+NGDPVA_ISIC4_C_XDC+NEGS_XGDP_PS+NIGS_XGDP_PS.VIE+THA+INO+MAL+SIN?startPeriod=2005&format=sdmx-csv",DF_NA.csv,22,"1) For 2010 onward, data are based on the 2008 System of National Accounts. Base year was also changed from 2000 to 2010.|2) 2024, 2025: For 2024, data refer to preliminary figures. For 2025, data refer to very preliminary figures.",BPS Statistics Indonesia,Calendar Year,System of National Accounts - 2008
IDN,Indonesia,reserves_months,Total reserves in months of imports,2005,A,4.10478485518,months,not_applicable,,unknown,,FI.RES.TOTL.MO,World Bank WDI,https://api.worldbank.org/v2/country/VNM;THA;IDN;MYS;SGP/indicator/FI.RES.TOTL.MO?format=json&per_page=20000&date=2005:2026,wb_reserves.json,,,WDI,,
IDN,Indonesia,reserves_months,Total reserves in months of imports,2006,A,4.91547534687,months,not_applicable,,unknown,,FI.RES.TOTL.MO,World Bank WDI,https://api.worldbank.org/v2/country/VNM;THA;IDN;MYS;SGP/indicator/FI.RES.TOTL.MO?format=json&per_page=20000&date=2005:2026,wb_reserves.json,,,WDI,,
IDN,Indonesia,reserves_months,Total reserves in months of imports,2007,A,5.67712529732,months,not_applicable,,unknown,,FI.RES.TOTL.MO,World Bank WDI,https://api.worldbank.org/v2/country/VNM;THA;IDN;MYS;SGP/indicator/FI.RES.TOTL.MO?format=json&per_page=20000&date=2005:2026,wb_reserves.json,,,WDI,,
IDN,Indonesia,reserves_months,Total reserves in months of imports,2008,A,4.00096264532,months,not_applicable,,unknown,,FI.RES.TOTL.MO,World Bank WDI,https://api.worldbank.org/v2/country/VNM;THA;IDN;MYS;SGP/indicator/FI.RES.TOTL.MO?format=json&per_page=20000&date=2005:2026,wb_reserves.json,,,WDI,,
IDN,Indonesia,reserves_months,Total reserves in months of imports,2009,A,6.5468457569,months,not_applicable,,unknown,,FI.RES.TOTL.MO,World Bank WDI,https://api.worldbank.org/v2/country/VNM;THA;IDN;MYS;SGP/indicator/FI.RES.TOTL.MO?format=json&per_page=20000&date=2005:2026,wb_reserves.json,,,WDI,,
IDN,Indonesia,reserves_months,Total reserves in months of imports,2010,A,6.86991432991,months,not_applicable,,unknown,,FI.RES.TOTL.MO,World Bank WDI,https://api.worldbank.org/v2/country/VNM;THA;IDN;MYS;SGP/indicator/FI.RES.TOTL.MO?format=json&per_page=20000&date=2005:2026,wb_reserves.json,,,WDI,,
IDN,Indonesia,reserves_months,Total reserves in months of imports,2011,A,6.05969044941,months,not_applicable,,unknown,,FI.RES.TOTL.MO,World Bank WDI,https://api.worldbank.org/v2/country/VNM;THA;IDN;MYS;SGP/indicator/FI.RES.TOTL.MO?format=json&per_page=20000&date=2005:2026,wb_reserves.json,,,WDI,,
IDN,Indonesia,reserves_months,Total reserves in months of imports,2012,A,5.58937942738,months,not_applicable,,unknown,,FI.RES.TOTL.MO,World Bank WDI,https://api.worldbank.org/v2/country/VNM;THA;IDN;MYS;SGP/indicator/FI.RES.TOTL.MO?format=json&per_page=20000&date=2005:2026,wb_reserves.json,,,WDI,,
IDN,Indonesia,reserves_months,Total reserves in months of imports,2013,A,4.9503184677,months,not_applicable,,unknown,,FI.RES.TOTL.MO,World Bank WDI,https://api.worldbank.org/v2/country/VNM;THA;IDN;MYS;SGP/indicator/FI.RES.TOTL.MO?format=json&per_page=20000&date=2005:2026,wb_reserves.json,,,WDI,,
IDN,Indonesia,reserves_months,Total reserves in months of imports,2014,A,5.74432339947,months,not_applicable,,unknown,,FI.RES.TOTL.MO,World Bank WDI,https://api.worldbank.org/v2/country/VNM;THA;IDN;MYS;SGP/indicator/FI.RES.TOTL.MO?format=json&per_page=20000&date=2005:2026,wb_reserves.json,,,WDI,,
IDN,Indonesia,reserves_months,Total reserves in months of imports,2015,A,6.44616105766,months,not_applicable,,unknown,,FI.RES.TOTL.MO,World Bank WDI,https://api.worldbank.org/v2/country/VNM;THA;IDN;MYS;SGP/indicator/FI.RES.TOTL.MO?format=json&per_page=20000&date=2005:2026,wb_reserves.json,,,WDI,,
IDN,Indonesia,reserves_months,Total reserves in months of imports,2016,A,7.2258880561,months,not_applicable,,unknown,,FI.RES.TOTL.MO,World Bank WDI,https://api.worldbank.org/v2/country/VNM;THA;IDN;MYS;SGP/indicator/FI.RES.TOTL.MO?format=json&per_page=20000&date=2005:2026,wb_reserves.json,,,WDI,,
IDN,Indonesia,reserves_months,Total reserves in months of imports,2017,A,7.08716242011,months,not_applicable,,unknown,,FI.RES.TOTL.MO,World Bank WDI,https://api.worldbank.org/v2/country/VNM;THA;IDN;MYS;SGP/indicator/FI.RES.TOTL.MO?format=json&per_page=20000&date=2005:2026,wb_reserves.json,,,WDI,,
IDN,Indonesia,reserves_months,Total reserves in months of imports,2018,A,5.59560758848,months,not_applicable,,unknown,,FI.RES.TOTL.MO,World Bank WDI,https://api.worldbank.org/v2/country/VNM;THA;IDN;MYS;SGP/indicator/FI.RES.TOTL.MO?format=json&per_page=20000&date=2005:2026,wb_reserves.json,,,WDI,,
IDN,Indonesia,reserves_months,Total reserves in months of imports,2019,A,6.3177743442,months,not_applicable,,unknown,,FI.RES.TOTL.MO,World Bank WDI,https://api.worldbank.org/v2/country/VNM;THA;IDN;MYS;SGP/indicator/FI.RES.TOTL.MO?format=json&per_page=20000&date=2005:2026,wb_reserves.json,,,WDI,,
IDN,Indonesia,reserves_months,Total reserves in months of imports,2020,A,8.4069748464,months,not_applicable,,unknown,,FI.RES.TOTL.MO,World Bank WDI,https://api.worldbank.org/v2/country/VNM;THA;IDN;MYS;SGP/indicator/FI.RES.TOTL.MO?format=json&per_page=20000&date=2005:2026,wb_reserves.json,,,WDI,,
IDN,Indonesia,reserves_months,Total reserves in months of imports,2021,A,6.78517585393,months,not_applicable,,unknown,,FI.RES.TOTL.MO,World Bank WDI,https://api.worldbank.org/v2/country/VNM;THA;IDN;MYS;SGP/indicator/FI.RES.TOTL.MO?format=json&per_page=20000&date=2005:2026,wb_reserves.json,,,WDI,,
IDN,Indonesia,reserves_months,Total reserves in months of imports,2022,A,5.2132207747,months,not_applicable,,unknown,,FI.RES.TOTL.MO,World Bank WDI,https://api.worldbank.org/v2/country/VNM;THA;IDN;MYS;SGP/indicator/FI.RES.TOTL.MO?format=json&per_page=20000&date=2005:2026,wb_reserves.json,,,WDI,,
IDN,Indonesia,reserves_months,Total reserves in months of imports,2023,A,5.72806559441,months,not_applicable,,unknown,,FI.RES.TOTL.MO,World Bank WDI,https://api.worldbank.org/v2/country/VNM;THA;IDN;MYS;SGP/indicator/FI.RES.TOTL.MO?format=json&per_page=20000&date=2005:2026,wb_reserves.json,,,WDI,,
IDN,Indonesia,reserves_months,Total reserves in months of imports,2024,A,5.72012468838,months,not_applicable,,unknown,,FI.RES.TOTL.MO,World Bank WDI,https://api.worldbank.org/v2/country/VNM;THA;IDN;MYS;SGP/indicator/FI.RES.TOTL.MO?format=json&per_page=20000&date=2005:2026,wb_reserves.json,,,WDI,,
IDN,Indonesia,reserves_months,Total reserves in months of imports,2025,A,5.51085431823,months,not_applicable,,unknown,,FI.RES.TOTL.MO,World Bank WDI,https://api.worldbank.org/v2/country/VNM;THA;IDN;MYS;SGP/indicator/FI.RES.TOTL.MO?format=json&per_page=20000&date=2005:2026,wb_reserves.json,,,WDI,,
MYS,Malaysia,current_account_pct,Current account balance,2005,A,14.41684,percent_gdp,current,,observed,A,BCA_BP6_XGDP_PS,ADB,"https://kidb.adb.org/api/v5/sdmx/data/ADB,DF_GLOB_BOP/A.BCA_BP6_XGDP_PS.VIE+THA+INO+MAL+SIN?startPeriod=2005&format=sdmx-csv",DF_GLOB_BOP.csv,23,"Prior to 2005, follows the IMF's Balance of Payments Manual (fifth edition). For 2005 onward, follows the IMF's Balance of Payments and International Investment Position Manual (sixth edition). Figures were converted from ringgit to United States dollars using average period exchange rates from the IMF.",Department of Statistics,Calendar Year,
MYS,Malaysia,current_account_pct,Current account balance,2006,A,16.091,percent_gdp,current,,observed,A,BCA_BP6_XGDP_PS,ADB,"https://kidb.adb.org/api/v5/sdmx/data/ADB,DF_GLOB_BOP/A.BCA_BP6_XGDP_PS.VIE+THA+INO+MAL+SIN?startPeriod=2005&format=sdmx-csv",DF_GLOB_BOP.csv,24,"Prior to 2005, follows the IMF's Balance of Payments Manual (fifth edition). For 2005 onward, follows the IMF's Balance of Payments and International Investment Position Manual (sixth edition). Figures were converted from ringgit to United States dollars using average period exchange rates from the IMF.",Department of Statistics,Calendar Year,
MYS,Malaysia,current_account_pct,Current account balance,2007,A,15.35912,percent_gdp,current,,observed,A,BCA_BP6_XGDP_PS,ADB,"https://kidb.adb.org/api/v5/sdmx/data/ADB,DF_GLOB_BOP/A.BCA_BP6_XGDP_PS.VIE+THA+INO+MAL+SIN?startPeriod=2005&format=sdmx-csv",DF_GLOB_BOP.csv,25,"Prior to 2005, follows the IMF's Balance of Payments Manual (fifth edition). For 2005 onward, follows the IMF's Balance of Payments and International Investment Position Manual (sixth edition). Figures were converted from ringgit to United States dollars using average period exchange rates from the IMF.",Department of Statistics,Calendar Year,
MYS,Malaysia,current_account_pct,Current account balance,2008,A,17.06783,percent_gdp,current,,observed,A,BCA_BP6_XGDP_PS,ADB,"https://kidb.adb.org/api/v5/sdmx/data/ADB,DF_GLOB_BOP/A.BCA_BP6_XGDP_PS.VIE+THA+INO+MAL+SIN?startPeriod=2005&format=sdmx-csv",DF_GLOB_BOP.csv,26,"Prior to 2005, follows the IMF's Balance of Payments Manual (fifth edition). For 2005 onward, follows the IMF's Balance of Payments and International Investment Position Manual (sixth edition). Figures were converted from ringgit to United States dollars using average period exchange rates from the IMF.",Department of Statistics,Calendar Year,
MYS,Malaysia,current_account_pct,Current account balance,2009,A,15.53284,percent_gdp,current,,observed,A,BCA_BP6_XGDP_PS,ADB,"https://kidb.adb.org/api/v5/sdmx/data/ADB,DF_GLOB_BOP/A.BCA_BP6_XGDP_PS.VIE+THA+INO+MAL+SIN?startPeriod=2005&format=sdmx-csv",DF_GLOB_BOP.csv,27,"Prior to 2005, follows the IMF's Balance of Payments Manual (fifth edition). For 2005 onward, follows the IMF's Balance of Payments and International Investment Position Manual (sixth edition). Figures were converted from ringgit to United States dollars using average period exchange rates from the IMF.",Department of Statistics,Calendar Year,
MYS,Malaysia,current_account_pct,Current account balance,2010,A,10.08187,percent_gdp,current,,observed,A,BCA_BP6_XGDP_PS,ADB,"https://kidb.adb.org/api/v5/sdmx/data/ADB,DF_GLOB_BOP/A.BCA_BP6_XGDP_PS.VIE+THA+INO+MAL+SIN?startPeriod=2005&format=sdmx-csv",DF_GLOB_BOP.csv,28,"Prior to 2005, follows the IMF's Balance of Payments Manual (fifth edition). For 2005 onward, follows the IMF's Balance of Payments and International Investment Position Manual (sixth edition). Figures were converted from ringgit to United States dollars using average period exchange rates from the IMF.",Department of Statistics,Calendar Year,
MYS,Malaysia,current_account_pct,Current account balance,2011,A,10.89395,percent_gdp,current,,observed,A,BCA_BP6_XGDP_PS,ADB,"https://kidb.adb.org/api/v5/sdmx/data/ADB,DF_GLOB_BOP/A.BCA_BP6_XGDP_PS.VIE+THA+INO+MAL+SIN?startPeriod=2005&format=sdmx-csv",DF_GLOB_BOP.csv,29,"Prior to 2005, follows the IMF's Balance of Payments Manual (fifth edition). For 2005 onward, follows the IMF's Balance of Payments and International Investment Position Manual (sixth edition). Figures were converted from ringgit to United States dollars using average period exchange rates from the IMF.",Department of Statistics,Calendar Year,
MYS,Malaysia,current_account_pct,Current account balance,2012,A,5.16624,percent_gdp,current,,observed,A,BCA_BP6_XGDP_PS,ADB,"https://kidb.adb.org/api/v5/sdmx/data/ADB,DF_GLOB_BOP/A.BCA_BP6_XGDP_PS.VIE+THA+INO+MAL+SIN?startPeriod=2005&format=sdmx-csv",DF_GLOB_BOP.csv,30,"Prior to 2005, follows the IMF's Balance of Payments Manual (fifth edition). For 2005 onward, follows the IMF's Balance of Payments and International Investment Position Manual (sixth edition). Figures were converted from ringgit to United States dollars using average period exchange rates from the IMF.",Department of Statistics,Calendar Year,
MYS,Malaysia,current_account_pct,Current account balance,2013,A,3.48369,percent_gdp,current,,observed,A,BCA_BP6_XGDP_PS,ADB,"https://kidb.adb.org/api/v5/sdmx/data/ADB,DF_GLOB_BOP/A.BCA_BP6_XGDP_PS.VIE+THA+INO+MAL+SIN?startPeriod=2005&format=sdmx-csv",DF_GLOB_BOP.csv,31,"Prior to 2005, follows the IMF's Balance of Payments Manual (fifth edition). For 2005 onward, follows the IMF's Balance of Payments and International Investment Position Manual (sixth edition). Figures were converted from ringgit to United States dollars using average period exchange rates from the IMF.",Department of Statistics,Calendar Year,
MYS,Malaysia,current_account_pct,Current account balance,2014,A,4.38826,percent_gdp,current,,observed,A,BCA_BP6_XGDP_PS,ADB,"https://kidb.adb.org/api/v5/sdmx/data/ADB,DF_GLOB_BOP/A.BCA_BP6_XGDP_PS.VIE+THA+INO+MAL+SIN?startPeriod=2005&format=sdmx-csv",DF_GLOB_BOP.csv,32,"Prior to 2005, follows the IMF's Balance of Payments Manual (fifth edition). For 2005 onward, follows the IMF's Balance of Payments and International Investment Position Manual (sixth edition). Figures were converted from ringgit to United States dollars using average period exchange rates from the IMF.",Department of Statistics,Calendar Year,
MYS,Malaysia,current_account_pct,Current account balance,2015,A,2.98696,percent_gdp,current,,observed,A,BCA_BP6_XGDP_PS,ADB,"https://kidb.adb.org/api/v5/sdmx/data/ADB,DF_GLOB_BOP/A.BCA_BP6_XGDP_PS.VIE+THA+INO+MAL+SIN?startPeriod=2005&format=sdmx-csv",DF_GLOB_BOP.csv,33,"Prior to 2005, follows the IMF's Balance of Payments Manual (fifth edition). For 2005 onward, follows the IMF's Balance of Payments and International Investment Position Manual (sixth edition). Figures were converted from ringgit to United States dollars using average period exchange rates from the IMF.",Department of Statistics,Calendar Year,
MYS,Malaysia,current_account_pct,Current account balance,2016,A,2.39316,percent_gdp,current,,observed,A,BCA_BP6_XGDP_PS,ADB,"https://kidb.adb.org/api/v5/sdmx/data/ADB,DF_GLOB_BOP/A.BCA_BP6_XGDP_PS.VIE+THA+INO+MAL+SIN?startPeriod=2005&format=sdmx-csv",DF_GLOB_BOP.csv,34,"Prior to 2005, follows the IMF's Balance of Payments Manual (fifth edition). For 2005 onward, follows the IMF's Balance of Payments and International Investment Position Manual (sixth edition). Figures were converted from ringgit to United States dollars using average period exchange rates from the IMF.",Department of Statistics,Calendar Year,
MYS,Malaysia,current_account_pct,Current account balance,2017,A,2.79061,percent_gdp,current,,observed,A,BCA_BP6_XGDP_PS,ADB,"https://kidb.adb.org/api/v5/sdmx/data/ADB,DF_GLOB_BOP/A.BCA_BP6_XGDP_PS.VIE+THA+INO+MAL+SIN?startPeriod=2005&format=sdmx-csv",DF_GLOB_BOP.csv,35,"Prior to 2005, follows the IMF's Balance of Payments Manual (fifth edition). For 2005 onward, follows the IMF's Balance of Payments and International Investment Position Manual (sixth edition). Figures were converted from ringgit to United States dollars using average period exchange rates from the IMF.",Department of Statistics,Calendar Year,
MYS,Malaysia,current_account_pct,Current account balance,2018,A,2.23069,percent_gdp,current,,observed,A,BCA_BP6_XGDP_PS,ADB,"https://kidb.adb.org/api/v5/sdmx/data/ADB,DF_GLOB_BOP/A.BCA_BP6_XGDP_PS.VIE+THA+INO+MAL+SIN?startPeriod=2005&format=sdmx-csv",DF_GLOB_BOP.csv,36,"Prior to 2005, follows the IMF's Balance of Payments Manual (fifth edition). For 2005 onward, follows the IMF's Balance of Payments and International Investment Position Manual (sixth edition). Figures were converted from ringgit to United States dollars using average period exchange rates from the IMF.",Department of Statistics,Calendar Year,
MYS,Malaysia,current_account_pct,Current account balance,2019,A,3.49816,percent_gdp,current,,observed,A,BCA_BP6_XGDP_PS,ADB,"https://kidb.adb.org/api/v5/sdmx/data/ADB,DF_GLOB_BOP/A.BCA_BP6_XGDP_PS.VIE+THA+INO+MAL+SIN?startPeriod=2005&format=sdmx-csv",DF_GLOB_BOP.csv,37,"Prior to 2005, follows the IMF's Balance of Payments Manual (fifth edition). For 2005 onward, follows the IMF's Balance of Payments and International Investment Position Manual (sixth edition). Figures were converted from ringgit to United States dollars using average period exchange rates from the IMF.",Department of Statistics,Calendar Year,
MYS,Malaysia,current_account_pct,Current account balance,2020,A,4.165770216,percent_gdp,current,,observed,A,BCA_BP6_XGDP_PS,ADB,"https://kidb.adb.org/api/v5/sdmx/data/ADB,DF_GLOB_BOP/A.BCA_BP6_XGDP_PS.VIE+THA+INO+MAL+SIN?startPeriod=2005&format=sdmx-csv",DF_GLOB_BOP.csv,38,"Prior to 2005, follows the IMF's Balance of Payments Manual (fifth edition). For 2005 onward, follows the IMF's Balance of Payments and International Investment Position Manual (sixth edition). Figures were converted from ringgit to United States dollars using average period exchange rates from the IMF.",Department of Statistics,Calendar Year,
MYS,Malaysia,current_account_pct,Current account balance,2021,A,3.885706978,percent_gdp,current,,observed,A,BCA_BP6_XGDP_PS,ADB,"https://kidb.adb.org/api/v5/sdmx/data/ADB,DF_GLOB_BOP/A.BCA_BP6_XGDP_PS.VIE+THA+INO+MAL+SIN?startPeriod=2005&format=sdmx-csv",DF_GLOB_BOP.csv,39,"Prior to 2005, follows the IMF's Balance of Payments Manual (fifth edition). For 2005 onward, follows the IMF's Balance of Payments and International Investment Position Manual (sixth edition). Figures were converted from ringgit to United States dollars using average period exchange rates from the IMF.",Department of Statistics,Calendar Year,
MYS,Malaysia,current_account_pct,Current account balance,2022,A,3.188087509,percent_gdp,current,,observed,A,BCA_BP6_XGDP_PS,ADB,"https://kidb.adb.org/api/v5/sdmx/data/ADB,DF_GLOB_BOP/A.BCA_BP6_XGDP_PS.VIE+THA+INO+MAL+SIN?startPeriod=2005&format=sdmx-csv",DF_GLOB_BOP.csv,40,"Prior to 2005, follows the IMF's Balance of Payments Manual (fifth edition). For 2005 onward, follows the IMF's Balance of Payments and International Investment Position Manual (sixth edition). Figures were converted from ringgit to United States dollars using average period exchange rates from the IMF.",Department of Statistics,Calendar Year,
MYS,Malaysia,current_account_pct,Current account balance,2023,A,1.099122887,percent_gdp,current,,observed,A,BCA_BP6_XGDP_PS,ADB,"https://kidb.adb.org/api/v5/sdmx/data/ADB,DF_GLOB_BOP/A.BCA_BP6_XGDP_PS.VIE+THA+INO+MAL+SIN?startPeriod=2005&format=sdmx-csv",DF_GLOB_BOP.csv,41,"Prior to 2005, follows the IMF's Balance of Payments Manual (fifth edition). For 2005 onward, follows the IMF's Balance of Payments and International Investment Position Manual (sixth edition). Figures were converted from ringgit to United States dollars using average period exchange rates from the IMF.",Department of Statistics,Calendar Year,
MYS,Malaysia,current_account_pct,Current account balance,2024,A,1.434369097,percent_gdp,current,,observed,A,BCA_BP6_XGDP_PS,ADB,"https://kidb.adb.org/api/v5/sdmx/data/ADB,DF_GLOB_BOP/A.BCA_BP6_XGDP_PS.VIE+THA+INO+MAL+SIN?startPeriod=2005&format=sdmx-csv",DF_GLOB_BOP.csv,42,"Prior to 2005, follows the IMF's Balance of Payments Manual (fifth edition). For 2005 onward, follows the IMF's Balance of Payments and International Investment Position Manual (sixth edition). Figures were converted from ringgit to United States dollars using average period exchange rates from the IMF.",Department of Statistics,Calendar Year,
MYS,Malaysia,current_account_pct,Current account balance,2025,A,1.573318265,percent_gdp,current,,observed,A,BCA_BP6_XGDP_PS,ADB,"https://kidb.adb.org/api/v5/sdmx/data/ADB,DF_GLOB_BOP/A.BCA_BP6_XGDP_PS.VIE+THA+INO+MAL+SIN?startPeriod=2005&format=sdmx-csv",DF_GLOB_BOP.csv,43,"Prior to 2005, follows the IMF's Balance of Payments Manual (fifth edition). For 2005 onward, follows the IMF's Balance of Payments and International Investment Position Manual (sixth edition). Figures were converted from ringgit to United States dollars using average period exchange rates from the IMF.",Department of Statistics,Calendar Year,
MYS,Malaysia,exports_pct,Exports of goods and services,2005,A,112.89898,percent_gdp,current,,observed,A,NEGS_XGDP_PS,ADB,"https://kidb.adb.org/api/v5/sdmx/data/ADB,DF_NA/A.NGDP_XDC+NGDP_R_XDC+NGDPVA_ISIC4_C_XDC+NEGS_XGDP_PS+NIGS_XGDP_PS.VIE+THA+INO+MAL+SIN?startPeriod=2005&format=sdmx-csv",DF_NA.csv,233,,Department of Statistics,Calendar Year,
MYS,Malaysia,exports_pct,Exports of goods and services,2006,A,112.18548,percent_gdp,current,,observed,A,NEGS_XGDP_PS,ADB,"https://kidb.adb.org/api/v5/sdmx/data/ADB,DF_NA/A.NGDP_XDC+NGDP_R_XDC+NGDPVA_ISIC4_C_XDC+NEGS_XGDP_PS+NIGS_XGDP_PS.VIE+THA+INO+MAL+SIN?startPeriod=2005&format=sdmx-csv",DF_NA.csv,234,,Department of Statistics,Calendar Year,
MYS,Malaysia,exports_pct,Exports of goods and services,2007,A,106.16858,percent_gdp,current,,observed,A,NEGS_XGDP_PS,ADB,"https://kidb.adb.org/api/v5/sdmx/data/ADB,DF_NA/A.NGDP_XDC+NGDP_R_XDC+NGDPVA_ISIC4_C_XDC+NEGS_XGDP_PS+NIGS_XGDP_PS.VIE+THA+INO+MAL+SIN?startPeriod=2005&format=sdmx-csv",DF_NA.csv,235,,Department of Statistics,Calendar Year,
MYS,Malaysia,exports_pct,Exports of goods and services,2008,A,99.49958,percent_gdp,current,,observed,A,NEGS_XGDP_PS,ADB,"https://kidb.adb.org/api/v5/sdmx/data/ADB,DF_NA/A.NGDP_XDC+NGDP_R_XDC+NGDPVA_ISIC4_C_XDC+NEGS_XGDP_PS+NIGS_XGDP_PS.VIE+THA+INO+MAL+SIN?startPeriod=2005&format=sdmx-csv",DF_NA.csv,236,,Department of Statistics,Calendar Year,
MYS,Malaysia,exports_pct,Exports of goods and services,2009,A,91.41679,percent_gdp,current,,observed,A,NEGS_XGDP_PS,ADB,"https://kidb.adb.org/api/v5/sdmx/data/ADB,DF_NA/A.NGDP_XDC+NGDP_R_XDC+NGDPVA_ISIC4_C_XDC+NEGS_XGDP_PS+NIGS_XGDP_PS.VIE+THA+INO+MAL+SIN?startPeriod=2005&format=sdmx-csv",DF_NA.csv,237,,Department of Statistics,Calendar Year,
MYS,Malaysia,exports_pct,Exports of goods and services,2010,A,86.93,percent_gdp,current,,observed,A,NEGS_XGDP_PS,ADB,"https://kidb.adb.org/api/v5/sdmx/data/ADB,DF_NA/A.NGDP_XDC+NGDP_R_XDC+NGDPVA_ISIC4_C_XDC+NEGS_XGDP_PS+NIGS_XGDP_PS.VIE+THA+INO+MAL+SIN?startPeriod=2005&format=sdmx-csv",DF_NA.csv,238,,Department of Statistics,Calendar Year,
MYS,Malaysia,exports_pct,Exports of goods and services,2011,A,85.255442,percent_gdp,current,,observed,A,NEGS_XGDP_PS,ADB,"https://kidb.adb.org/api/v5/sdmx/data/ADB,DF_NA/A.NGDP_XDC+NGDP_R_XDC+NGDPVA_ISIC4_C_XDC+NEGS_XGDP_PS+NIGS_XGDP_PS.VIE+THA+INO+MAL+SIN?startPeriod=2005&format=sdmx-csv",DF_NA.csv,239,,Department of Statistics,Calendar Year,
MYS,Malaysia,exports_pct,Exports of goods and services,2012,A,79.299914,percent_gdp,current,,observed,A,NEGS_XGDP_PS,ADB,"https://kidb.adb.org/api/v5/sdmx/data/ADB,DF_NA/A.NGDP_XDC+NGDP_R_XDC+NGDPVA_ISIC4_C_XDC+NEGS_XGDP_PS+NIGS_XGDP_PS.VIE+THA+INO+MAL+SIN?startPeriod=2005&format=sdmx-csv",DF_NA.csv,240,,Department of Statistics,Calendar Year,
MYS,Malaysia,exports_pct,Exports of goods and services,2013,A,75.62904,percent_gdp,current,,observed,A,NEGS_XGDP_PS,ADB,"https://kidb.adb.org/api/v5/sdmx/data/ADB,DF_NA/A.NGDP_XDC+NGDP_R_XDC+NGDPVA_ISIC4_C_XDC+NEGS_XGDP_PS+NIGS_XGDP_PS.VIE+THA+INO+MAL+SIN?startPeriod=2005&format=sdmx-csv",DF_NA.csv,241,,Department of Statistics,Calendar Year,
MYS,Malaysia,exports_pct,Exports of goods and services,2014,A,73.7935,percent_gdp,current,,observed,A,NEGS_XGDP_PS,ADB,"https://kidb.adb.org/api/v5/sdmx/data/ADB,DF_NA/A.NGDP_XDC+NGDP_R_XDC+NGDPVA_ISIC4_C_XDC+NEGS_XGDP_PS+NIGS_XGDP_PS.VIE+THA+INO+MAL+SIN?startPeriod=2005&format=sdmx-csv",DF_NA.csv,242,,Department of Statistics,Calendar Year,
MYS,Malaysia,exports_pct,Exports of goods and services,2015,A,69.44869,percent_gdp,current,,observed,A,NEGS_XGDP_PS,ADB,"https://kidb.adb.org/api/v5/sdmx/data/ADB,DF_NA/A.NGDP_XDC+NGDP_R_XDC+NGDPVA_ISIC4_C_XDC+NEGS_XGDP_PS+NIGS_XGDP_PS.VIE+THA+INO+MAL+SIN?startPeriod=2005&format=sdmx-csv",DF_NA.csv,243,,Department of Statistics,Calendar Year,
MYS,Malaysia,exports_pct,Exports of goods and services,2016,A,66.77545,percent_gdp,current,,observed,A,NEGS_XGDP_PS,ADB,"https://kidb.adb.org/api/v5/sdmx/data/ADB,DF_NA/A.NGDP_XDC+NGDP_R_XDC+NGDPVA_ISIC4_C_XDC+NEGS_XGDP_PS+NIGS_XGDP_PS.VIE+THA+INO+MAL+SIN?startPeriod=2005&format=sdmx-csv",DF_NA.csv,244,,Department of Statistics,Calendar Year,
MYS,Malaysia,exports_pct,Exports of goods and services,2017,A,70.01174,percent_gdp,current,,observed,A,NEGS_XGDP_PS,ADB,"https://kidb.adb.org/api/v5/sdmx/data/ADB,DF_NA/A.NGDP_XDC+NGDP_R_XDC+NGDPVA_ISIC4_C_XDC+NEGS_XGDP_PS+NIGS_XGDP_PS.VIE+THA+INO+MAL+SIN?startPeriod=2005&format=sdmx-csv",DF_NA.csv,245,,Department of Statistics,Calendar Year,
MYS,Malaysia,exports_pct,Exports of goods and services,2018,A,68.55497,percent_gdp,current,,observed,A,NEGS_XGDP_PS,ADB,"https://kidb.adb.org/api/v5/sdmx/data/ADB,DF_NA/A.NGDP_XDC+NGDP_R_XDC+NGDPVA_ISIC4_C_XDC+NEGS_XGDP_PS+NIGS_XGDP_PS.VIE+THA+INO+MAL+SIN?startPeriod=2005&format=sdmx-csv",DF_NA.csv,246,,Department of Statistics,Calendar Year,
MYS,Malaysia,exports_pct,Exports of goods and services,2019,A,65.27777,percent_gdp,current,,observed,A,NEGS_XGDP_PS,ADB,"https://kidb.adb.org/api/v5/sdmx/data/ADB,DF_NA/A.NGDP_XDC+NGDP_R_XDC+NGDPVA_ISIC4_C_XDC+NEGS_XGDP_PS+NIGS_XGDP_PS.VIE+THA+INO+MAL+SIN?startPeriod=2005&format=sdmx-csv",DF_NA.csv,247,,Department of Statistics,Calendar Year,
MYS,Malaysia,exports_pct,Exports of goods and services,2020,A,61.578,percent_gdp,current,,observed,A,NEGS_XGDP_PS,ADB,"https://kidb.adb.org/api/v5/sdmx/data/ADB,DF_NA/A.NGDP_XDC+NGDP_R_XDC+NGDPVA_ISIC4_C_XDC+NEGS_XGDP_PS+NIGS_XGDP_PS.VIE+THA+INO+MAL+SIN?startPeriod=2005&format=sdmx-csv",DF_NA.csv,248,,Department of Statistics,Calendar Year,
MYS,Malaysia,exports_pct,Exports of goods and services,2021,A,70.633,percent_gdp,current,,observed,A,NEGS_XGDP_PS,ADB,"https://kidb.adb.org/api/v5/sdmx/data/ADB,DF_NA/A.NGDP_XDC+NGDP_R_XDC+NGDPVA_ISIC4_C_XDC+NEGS_XGDP_PS+NIGS_XGDP_PS.VIE+THA+INO+MAL+SIN?startPeriod=2005&format=sdmx-csv",DF_NA.csv,249,,Department of Statistics,Calendar Year,
MYS,Malaysia,exports_pct,Exports of goods and services,2022,A,76.808,percent_gdp,current,,observed,A,NEGS_XGDP_PS,ADB,"https://kidb.adb.org/api/v5/sdmx/data/ADB,DF_NA/A.NGDP_XDC+NGDP_R_XDC+NGDPVA_ISIC4_C_XDC+NEGS_XGDP_PS+NIGS_XGDP_PS.VIE+THA+INO+MAL+SIN?startPeriod=2005&format=sdmx-csv",DF_NA.csv,250,,Department of Statistics,Calendar Year,
MYS,Malaysia,exports_pct,Exports of goods and services,2023,A,68.63,percent_gdp,current,,observed,A,NEGS_XGDP_PS,ADB,"https://kidb.adb.org/api/v5/sdmx/data/ADB,DF_NA/A.NGDP_XDC+NGDP_R_XDC+NGDPVA_ISIC4_C_XDC+NEGS_XGDP_PS+NIGS_XGDP_PS.VIE+THA+INO+MAL+SIN?startPeriod=2005&format=sdmx-csv",DF_NA.csv,251,,Department of Statistics,Calendar Year,
MYS,Malaysia,exports_pct,Exports of goods and services,2024,A,71.459,percent_gdp,current,,observed,A,NEGS_XGDP_PS,ADB,"https://kidb.adb.org/api/v5/sdmx/data/ADB,DF_NA/A.NGDP_XDC+NGDP_R_XDC+NGDPVA_ISIC4_C_XDC+NEGS_XGDP_PS+NIGS_XGDP_PS.VIE+THA+INO+MAL+SIN?startPeriod=2005&format=sdmx-csv",DF_NA.csv,252,,Department of Statistics,Calendar Year,
MYS,Malaysia,exports_pct,Exports of goods and services,2025,A,72.223,percent_gdp,current,,observed,A,NEGS_XGDP_PS,ADB,"https://kidb.adb.org/api/v5/sdmx/data/ADB,DF_NA/A.NGDP_XDC+NGDP_R_XDC+NGDPVA_ISIC4_C_XDC+NEGS_XGDP_PS+NIGS_XGDP_PS.VIE+THA+INO+MAL+SIN?startPeriod=2005&format=sdmx-csv",DF_NA.csv,253,,Department of Statistics,Calendar Year,
MYS,Malaysia,imports_pct,Imports of goods and services,2005,A,90.95548,percent_gdp,current,,observed,A,NIGS_XGDP_PS,ADB,"https://kidb.adb.org/api/v5/sdmx/data/ADB,DF_NA/A.NGDP_XDC+NGDP_R_XDC+NGDPVA_ISIC4_C_XDC+NEGS_XGDP_PS+NIGS_XGDP_PS.VIE+THA+INO+MAL+SIN?startPeriod=2005&format=sdmx-csv",DF_NA.csv,338,,Department of Statistics,Calendar Year,
MYS,Malaysia,imports_pct,Imports of goods and services,2006,A,90.39167,percent_gdp,current,,observed,A,NIGS_XGDP_PS,ADB,"https://kidb.adb.org/api/v5/sdmx/data/ADB,DF_NA/A.NGDP_XDC+NGDP_R_XDC+NGDPVA_ISIC4_C_XDC+NEGS_XGDP_PS+NIGS_XGDP_PS.VIE+THA+INO+MAL+SIN?startPeriod=2005&format=sdmx-csv",DF_NA.csv,339,,Department of Statistics,Calendar Year,
MYS,Malaysia,imports_pct,Imports of goods and services,2007,A,86.29753,percent_gdp,current,,observed,A,NIGS_XGDP_PS,ADB,"https://kidb.adb.org/api/v5/sdmx/data/ADB,DF_NA/A.NGDP_XDC+NGDP_R_XDC+NGDPVA_ISIC4_C_XDC+NEGS_XGDP_PS+NIGS_XGDP_PS.VIE+THA+INO+MAL+SIN?startPeriod=2005&format=sdmx-csv",DF_NA.csv,340,,Department of Statistics,Calendar Year,
MYS,Malaysia,imports_pct,Imports of goods and services,2008,A,77.16875,percent_gdp,current,,observed,A,NIGS_XGDP_PS,ADB,"https://kidb.adb.org/api/v5/sdmx/data/ADB,DF_NA/A.NGDP_XDC+NGDP_R_XDC+NGDPVA_ISIC4_C_XDC+NEGS_XGDP_PS+NIGS_XGDP_PS.VIE+THA+INO+MAL+SIN?startPeriod=2005&format=sdmx-csv",DF_NA.csv,341,,Department of Statistics,Calendar Year,
MYS,Malaysia,imports_pct,Imports of goods and services,2009,A,71.14218,percent_gdp,current,,observed,A,NIGS_XGDP_PS,ADB,"https://kidb.adb.org/api/v5/sdmx/data/ADB,DF_NA/A.NGDP_XDC+NGDP_R_XDC+NGDPVA_ISIC4_C_XDC+NEGS_XGDP_PS+NIGS_XGDP_PS.VIE+THA+INO+MAL+SIN?startPeriod=2005&format=sdmx-csv",DF_NA.csv,342,,Department of Statistics,Calendar Year,
MYS,Malaysia,imports_pct,Imports of goods and services,2010,A,71.01,percent_gdp,current,,observed,A,NIGS_XGDP_PS,ADB,"https://kidb.adb.org/api/v5/sdmx/data/ADB,DF_NA/A.NGDP_XDC+NGDP_R_XDC+NGDPVA_ISIC4_C_XDC+NEGS_XGDP_PS+NIGS_XGDP_PS.VIE+THA+INO+MAL+SIN?startPeriod=2005&format=sdmx-csv",DF_NA.csv,343,,Department of Statistics,Calendar Year,
MYS,Malaysia,imports_pct,Imports of goods and services,2011,A,69.68,percent_gdp,current,,observed,A,NIGS_XGDP_PS,ADB,"https://kidb.adb.org/api/v5/sdmx/data/ADB,DF_NA/A.NGDP_XDC+NGDP_R_XDC+NGDPVA_ISIC4_C_XDC+NEGS_XGDP_PS+NIGS_XGDP_PS.VIE+THA+INO+MAL+SIN?startPeriod=2005&format=sdmx-csv",DF_NA.csv,344,,Department of Statistics,Calendar Year,
MYS,Malaysia,imports_pct,Imports of goods and services,2012,A,68.54,percent_gdp,current,,observed,A,NIGS_XGDP_PS,ADB,"https://kidb.adb.org/api/v5/sdmx/data/ADB,DF_NA/A.NGDP_XDC+NGDP_R_XDC+NGDPVA_ISIC4_C_XDC+NEGS_XGDP_PS+NIGS_XGDP_PS.VIE+THA+INO+MAL+SIN?startPeriod=2005&format=sdmx-csv",DF_NA.csv,345,,Department of Statistics,Calendar Year,
MYS,Malaysia,imports_pct,Imports of goods and services,2013,A,67.09195,percent_gdp,current,,observed,A,NIGS_XGDP_PS,ADB,"https://kidb.adb.org/api/v5/sdmx/data/ADB,DF_NA/A.NGDP_XDC+NGDP_R_XDC+NGDPVA_ISIC4_C_XDC+NEGS_XGDP_PS+NIGS_XGDP_PS.VIE+THA+INO+MAL+SIN?startPeriod=2005&format=sdmx-csv",DF_NA.csv,346,,Department of Statistics,Calendar Year,
MYS,Malaysia,imports_pct,Imports of goods and services,2014,A,64.51873,percent_gdp,current,,observed,A,NIGS_XGDP_PS,ADB,"https://kidb.adb.org/api/v5/sdmx/data/ADB,DF_NA/A.NGDP_XDC+NGDP_R_XDC+NGDPVA_ISIC4_C_XDC+NEGS_XGDP_PS+NIGS_XGDP_PS.VIE+THA+INO+MAL+SIN?startPeriod=2005&format=sdmx-csv",DF_NA.csv,347,,Department of Statistics,Calendar Year,
MYS,Malaysia,imports_pct,Imports of goods and services,2015,A,61.92138,percent_gdp,current,,observed,A,NIGS_XGDP_PS,ADB,"https://kidb.adb.org/api/v5/sdmx/data/ADB,DF_NA/A.NGDP_XDC+NGDP_R_XDC+NGDPVA_ISIC4_C_XDC+NEGS_XGDP_PS+NIGS_XGDP_PS.VIE+THA+INO+MAL+SIN?startPeriod=2005&format=sdmx-csv",DF_NA.csv,348,,Department of Statistics,Calendar Year,
MYS,Malaysia,imports_pct,Imports of goods and services,2016,A,60.12356,percent_gdp,current,,observed,A,NIGS_XGDP_PS,ADB,"https://kidb.adb.org/api/v5/sdmx/data/ADB,DF_NA/A.NGDP_XDC+NGDP_R_XDC+NGDPVA_ISIC4_C_XDC+NEGS_XGDP_PS+NIGS_XGDP_PS.VIE+THA+INO+MAL+SIN?startPeriod=2005&format=sdmx-csv",DF_NA.csv,349,,Department of Statistics,Calendar Year,
MYS,Malaysia,imports_pct,Imports of goods and services,2017,A,63.14343,percent_gdp,current,,observed,A,NIGS_XGDP_PS,ADB,"https://kidb.adb.org/api/v5/sdmx/data/ADB,DF_NA/A.NGDP_XDC+NGDP_R_XDC+NGDPVA_ISIC4_C_XDC+NEGS_XGDP_PS+NIGS_XGDP_PS.VIE+THA+INO+MAL+SIN?startPeriod=2005&format=sdmx-csv",DF_NA.csv,350,,Department of Statistics,Calendar Year,
MYS,Malaysia,imports_pct,Imports of goods and services,2018,A,61.84765,percent_gdp,current,,observed,A,NIGS_XGDP_PS,ADB,"https://kidb.adb.org/api/v5/sdmx/data/ADB,DF_NA/A.NGDP_XDC+NGDP_R_XDC+NGDPVA_ISIC4_C_XDC+NEGS_XGDP_PS+NIGS_XGDP_PS.VIE+THA+INO+MAL+SIN?startPeriod=2005&format=sdmx-csv",DF_NA.csv,351,,Department of Statistics,Calendar Year,
MYS,Malaysia,imports_pct,Imports of goods and services,2019,A,57.7508,percent_gdp,current,,observed,A,NIGS_XGDP_PS,ADB,"https://kidb.adb.org/api/v5/sdmx/data/ADB,DF_NA/A.NGDP_XDC+NGDP_R_XDC+NGDPVA_ISIC4_C_XDC+NEGS_XGDP_PS+NIGS_XGDP_PS.VIE+THA+INO+MAL+SIN?startPeriod=2005&format=sdmx-csv",DF_NA.csv,352,,Department of Statistics,Calendar Year,
MYS,Malaysia,imports_pct,Imports of goods and services,2020,A,55.21,percent_gdp,current,,observed,A,NIGS_XGDP_PS,ADB,"https://kidb.adb.org/api/v5/sdmx/data/ADB,DF_NA/A.NGDP_XDC+NGDP_R_XDC+NGDPVA_ISIC4_C_XDC+NEGS_XGDP_PS+NIGS_XGDP_PS.VIE+THA+INO+MAL+SIN?startPeriod=2005&format=sdmx-csv",DF_NA.csv,353,,Department of Statistics,Calendar Year,
MYS,Malaysia,imports_pct,Imports of goods and services,2021,A,63.403,percent_gdp,current,,observed,A,NIGS_XGDP_PS,ADB,"https://kidb.adb.org/api/v5/sdmx/data/ADB,DF_NA/A.NGDP_XDC+NGDP_R_XDC+NGDPVA_ISIC4_C_XDC+NEGS_XGDP_PS+NIGS_XGDP_PS.VIE+THA+INO+MAL+SIN?startPeriod=2005&format=sdmx-csv",DF_NA.csv,354,,Department of Statistics,Calendar Year,
MYS,Malaysia,imports_pct,Imports of goods and services,2022,A,69.617,percent_gdp,current,,observed,A,NIGS_XGDP_PS,ADB,"https://kidb.adb.org/api/v5/sdmx/data/ADB,DF_NA/A.NGDP_XDC+NGDP_R_XDC+NGDPVA_ISIC4_C_XDC+NEGS_XGDP_PS+NIGS_XGDP_PS.VIE+THA+INO+MAL+SIN?startPeriod=2005&format=sdmx-csv",DF_NA.csv,355,,Department of Statistics,Calendar Year,
MYS,Malaysia,imports_pct,Imports of goods and services,2023,A,63.869,percent_gdp,current,,observed,A,NIGS_XGDP_PS,ADB,"https://kidb.adb.org/api/v5/sdmx/data/ADB,DF_NA/A.NGDP_XDC+NGDP_R_XDC+NGDPVA_ISIC4_C_XDC+NEGS_XGDP_PS+NIGS_XGDP_PS.VIE+THA+INO+MAL+SIN?startPeriod=2005&format=sdmx-csv",DF_NA.csv,356,,Department of Statistics,Calendar Year,
MYS,Malaysia,imports_pct,Imports of goods and services,2024,A,66.292,percent_gdp,current,,observed,A,NIGS_XGDP_PS,ADB,"https://kidb.adb.org/api/v5/sdmx/data/ADB,DF_NA/A.NGDP_XDC+NGDP_R_XDC+NGDPVA_ISIC4_C_XDC+NEGS_XGDP_PS+NIGS_XGDP_PS.VIE+THA+INO+MAL+SIN?startPeriod=2005&format=sdmx-csv",DF_NA.csv,357,,Department of Statistics,Calendar Year,
MYS,Malaysia,imports_pct,Imports of goods and services,2025,A,66.757,percent_gdp,current,,observed,A,NIGS_XGDP_PS,ADB,"https://kidb.adb.org/api/v5/sdmx/data/ADB,DF_NA/A.NGDP_XDC+NGDP_R_XDC+NGDPVA_ISIC4_C_XDC+NEGS_XGDP_PS+NIGS_XGDP_PS.VIE+THA+INO+MAL+SIN?startPeriod=2005&format=sdmx-csv",DF_NA.csv,358,,Department of Statistics,Calendar Year,
MYS,Malaysia,manufacturing_lcu,Manufacturing at current prices,2005,A,149754000000,MYR,current,,observed,A,NGDPVA_ISIC4_C_XDC,ADB,"https://kidb.adb.org/api/v5/sdmx/data/ADB,DF_NA/A.NGDP_XDC+NGDP_R_XDC+NGDPVA_ISIC4_C_XDC+NEGS_XGDP_PS+NIGS_XGDP_PS.VIE+THA+INO+MAL+SIN?startPeriod=2005&format=sdmx-csv",DF_NA.csv,128,,Department of Statistics,Calendar Year,
MYS,Malaysia,manufacturing_lcu,Manufacturing at current prices,2006,A,164510000000,MYR,current,,observed,A,NGDPVA_ISIC4_C_XDC,ADB,"https://kidb.adb.org/api/v5/sdmx/data/ADB,DF_NA/A.NGDP_XDC+NGDP_R_XDC+NGDPVA_ISIC4_C_XDC+NEGS_XGDP_PS+NIGS_XGDP_PS.VIE+THA+INO+MAL+SIN?startPeriod=2005&format=sdmx-csv",DF_NA.csv,129,,Department of Statistics,Calendar Year,
MYS,Malaysia,manufacturing_lcu,Manufacturing at current prices,2007,A,173804000000,MYR,current,,observed,A,NGDPVA_ISIC4_C_XDC,ADB,"https://kidb.adb.org/api/v5/sdmx/data/ADB,DF_NA/A.NGDP_XDC+NGDP_R_XDC+NGDPVA_ISIC4_C_XDC+NEGS_XGDP_PS+NIGS_XGDP_PS.VIE+THA+INO+MAL+SIN?startPeriod=2005&format=sdmx-csv",DF_NA.csv,130,,Department of Statistics,Calendar Year,
MYS,Malaysia,manufacturing_lcu,Manufacturing at current prices,2008,A,189105000000,MYR,current,,observed,A,NGDPVA_ISIC4_C_XDC,ADB,"https://kidb.adb.org/api/v5/sdmx/data/ADB,DF_NA/A.NGDP_XDC+NGDP_R_XDC+NGDPVA_ISIC4_C_XDC+NEGS_XGDP_PS+NIGS_XGDP_PS.VIE+THA+INO+MAL+SIN?startPeriod=2005&format=sdmx-csv",DF_NA.csv,131,,Department of Statistics,Calendar Year,
MYS,Malaysia,manufacturing_lcu,Manufacturing at current prices,2009,A,169661000000,MYR,current,,observed,A,NGDPVA_ISIC4_C_XDC,ADB,"https://kidb.adb.org/api/v5/sdmx/data/ADB,DF_NA/A.NGDP_XDC+NGDP_R_XDC+NGDPVA_ISIC4_C_XDC+NEGS_XGDP_PS+NIGS_XGDP_PS.VIE+THA+INO+MAL+SIN?startPeriod=2005&format=sdmx-csv",DF_NA.csv,132,,Department of Statistics,Calendar Year,
MYS,Malaysia,manufacturing_lcu,Manufacturing at current prices,2010,A,192493000000,MYR,current,,observed,A,NGDPVA_ISIC4_C_XDC,ADB,"https://kidb.adb.org/api/v5/sdmx/data/ADB,DF_NA/A.NGDP_XDC+NGDP_R_XDC+NGDPVA_ISIC4_C_XDC+NEGS_XGDP_PS+NIGS_XGDP_PS.VIE+THA+INO+MAL+SIN?startPeriod=2005&format=sdmx-csv",DF_NA.csv,133,,Department of Statistics,Calendar Year,
MYS,Malaysia,manufacturing_lcu,Manufacturing at current prices,2011,A,212618000000,MYR,current,,observed,A,NGDPVA_ISIC4_C_XDC,ADB,"https://kidb.adb.org/api/v5/sdmx/data/ADB,DF_NA/A.NGDP_XDC+NGDP_R_XDC+NGDPVA_ISIC4_C_XDC+NEGS_XGDP_PS+NIGS_XGDP_PS.VIE+THA+INO+MAL+SIN?startPeriod=2005&format=sdmx-csv",DF_NA.csv,134,,Department of Statistics,Calendar Year,
MYS,Malaysia,manufacturing_lcu,Manufacturing at current prices,2012,A,224730000000,MYR,current,,observed,A,NGDPVA_ISIC4_C_XDC,ADB,"https://kidb.adb.org/api/v5/sdmx/data/ADB,DF_NA/A.NGDP_XDC+NGDP_R_XDC+NGDPVA_ISIC4_C_XDC+NEGS_XGDP_PS+NIGS_XGDP_PS.VIE+THA+INO+MAL+SIN?startPeriod=2005&format=sdmx-csv",DF_NA.csv,135,,Department of Statistics,Calendar Year,
MYS,Malaysia,manufacturing_lcu,Manufacturing at current prices,2013,A,232659000000,MYR,current,,observed,A,NGDPVA_ISIC4_C_XDC,ADB,"https://kidb.adb.org/api/v5/sdmx/data/ADB,DF_NA/A.NGDP_XDC+NGDP_R_XDC+NGDPVA_ISIC4_C_XDC+NEGS_XGDP_PS+NIGS_XGDP_PS.VIE+THA+INO+MAL+SIN?startPeriod=2005&format=sdmx-csv",DF_NA.csv,136,,Department of Statistics,Calendar Year,
MYS,Malaysia,manufacturing_lcu,Manufacturing at current prices,2014,A,253087000000,MYR,current,,observed,A,NGDPVA_ISIC4_C_XDC,ADB,"https://kidb.adb.org/api/v5/sdmx/data/ADB,DF_NA/A.NGDP_XDC+NGDP_R_XDC+NGDPVA_ISIC4_C_XDC+NEGS_XGDP_PS+NIGS_XGDP_PS.VIE+THA+INO+MAL+SIN?startPeriod=2005&format=sdmx-csv",DF_NA.csv,137,,Department of Statistics,Calendar Year,
MYS,Malaysia,manufacturing_lcu,Manufacturing at current prices,2015,A,262379411000,MYR,current,,observed,A,NGDPVA_ISIC4_C_XDC,ADB,"https://kidb.adb.org/api/v5/sdmx/data/ADB,DF_NA/A.NGDP_XDC+NGDP_R_XDC+NGDPVA_ISIC4_C_XDC+NEGS_XGDP_PS+NIGS_XGDP_PS.VIE+THA+INO+MAL+SIN?startPeriod=2005&format=sdmx-csv",DF_NA.csv,138,,Department of Statistics,Calendar Year,
MYS,Malaysia,manufacturing_lcu,Manufacturing at current prices,2016,A,272395854000,MYR,current,,observed,A,NGDPVA_ISIC4_C_XDC,ADB,"https://kidb.adb.org/api/v5/sdmx/data/ADB,DF_NA/A.NGDP_XDC+NGDP_R_XDC+NGDPVA_ISIC4_C_XDC+NEGS_XGDP_PS+NIGS_XGDP_PS.VIE+THA+INO+MAL+SIN?startPeriod=2005&format=sdmx-csv",DF_NA.csv,139,,Department of Statistics,Calendar Year,
MYS,Malaysia,manufacturing_lcu,Manufacturing at current prices,2017,A,299797483000,MYR,current,,observed,A,NGDPVA_ISIC4_C_XDC,ADB,"https://kidb.adb.org/api/v5/sdmx/data/ADB,DF_NA/A.NGDP_XDC+NGDP_R_XDC+NGDPVA_ISIC4_C_XDC+NEGS_XGDP_PS+NIGS_XGDP_PS.VIE+THA+INO+MAL+SIN?startPeriod=2005&format=sdmx-csv",DF_NA.csv,140,,Department of Statistics,Calendar Year,
MYS,Malaysia,manufacturing_lcu,Manufacturing at current prices,2018,A,311675695000,MYR,current,,observed,A,NGDPVA_ISIC4_C_XDC,ADB,"https://kidb.adb.org/api/v5/sdmx/data/ADB,DF_NA/A.NGDP_XDC+NGDP_R_XDC+NGDPVA_ISIC4_C_XDC+NEGS_XGDP_PS+NIGS_XGDP_PS.VIE+THA+INO+MAL+SIN?startPeriod=2005&format=sdmx-csv",DF_NA.csv,141,,Department of Statistics,Calendar Year,
MYS,Malaysia,manufacturing_lcu,Manufacturing at current prices,2019,A,323861646000,MYR,current,,observed,A,NGDPVA_ISIC4_C_XDC,ADB,"https://kidb.adb.org/api/v5/sdmx/data/ADB,DF_NA/A.NGDP_XDC+NGDP_R_XDC+NGDPVA_ISIC4_C_XDC+NEGS_XGDP_PS+NIGS_XGDP_PS.VIE+THA+INO+MAL+SIN?startPeriod=2005&format=sdmx-csv",DF_NA.csv,142,,Department of Statistics,Calendar Year,
MYS,Malaysia,manufacturing_lcu,Manufacturing at current prices,2020,A,315360117000,MYR,current,,observed,A,NGDPVA_ISIC4_C_XDC,ADB,"https://kidb.adb.org/api/v5/sdmx/data/ADB,DF_NA/A.NGDP_XDC+NGDP_R_XDC+NGDPVA_ISIC4_C_XDC+NEGS_XGDP_PS+NIGS_XGDP_PS.VIE+THA+INO+MAL+SIN?startPeriod=2005&format=sdmx-csv",DF_NA.csv,143,,Department of Statistics,Calendar Year,
MYS,Malaysia,manufacturing_lcu,Manufacturing at current prices,2021,A,361825531000,MYR,current,,observed,A,NGDPVA_ISIC4_C_XDC,ADB,"https://kidb.adb.org/api/v5/sdmx/data/ADB,DF_NA/A.NGDP_XDC+NGDP_R_XDC+NGDPVA_ISIC4_C_XDC+NEGS_XGDP_PS+NIGS_XGDP_PS.VIE+THA+INO+MAL+SIN?startPeriod=2005&format=sdmx-csv",DF_NA.csv,144,,Department of Statistics,Calendar Year,
MYS,Malaysia,manufacturing_lcu,Manufacturing at current prices,2022,A,418897899000,MYR,current,,observed,A,NGDPVA_ISIC4_C_XDC,ADB,"https://kidb.adb.org/api/v5/sdmx/data/ADB,DF_NA/A.NGDP_XDC+NGDP_R_XDC+NGDPVA_ISIC4_C_XDC+NEGS_XGDP_PS+NIGS_XGDP_PS.VIE+THA+INO+MAL+SIN?startPeriod=2005&format=sdmx-csv",DF_NA.csv,145,,Department of Statistics,Calendar Year,
MYS,Malaysia,manufacturing_lcu,Manufacturing at current prices,2023,A,419963129000,MYR,current,,observed,A,NGDPVA_ISIC4_C_XDC,ADB,"https://kidb.adb.org/api/v5/sdmx/data/ADB,DF_NA/A.NGDP_XDC+NGDP_R_XDC+NGDPVA_ISIC4_C_XDC+NEGS_XGDP_PS+NIGS_XGDP_PS.VIE+THA+INO+MAL+SIN?startPeriod=2005&format=sdmx-csv",DF_NA.csv,146,,Department of Statistics,Calendar Year,
MYS,Malaysia,manufacturing_lcu,Manufacturing at current prices,2024,A,434851388000,MYR,current,,observed,A,NGDPVA_ISIC4_C_XDC,ADB,"https://kidb.adb.org/api/v5/sdmx/data/ADB,DF_NA/A.NGDP_XDC+NGDP_R_XDC+NGDPVA_ISIC4_C_XDC+NEGS_XGDP_PS+NIGS_XGDP_PS.VIE+THA+INO+MAL+SIN?startPeriod=2005&format=sdmx-csv",DF_NA.csv,147,,Department of Statistics,Calendar Year,
MYS,Malaysia,manufacturing_lcu,Manufacturing at current prices,2025,A,447113365000,MYR,current,,observed,A,NGDPVA_ISIC4_C_XDC,ADB,"https://kidb.adb.org/api/v5/sdmx/data/ADB,DF_NA/A.NGDP_XDC+NGDP_R_XDC+NGDPVA_ISIC4_C_XDC+NEGS_XGDP_PS+NIGS_XGDP_PS.VIE+THA+INO+MAL+SIN?startPeriod=2005&format=sdmx-csv",DF_NA.csv,148,,Department of Statistics,Calendar Year,
MYS,Malaysia,nominal_gdp_lcu,GDP at current prices,2005,A,543578000000,MYR,current,,observed,A,NGDP_XDC,ADB,"https://kidb.adb.org/api/v5/sdmx/data/ADB,DF_NA/A.NGDP_XDC+NGDP_R_XDC+NGDPVA_ISIC4_C_XDC+NEGS_XGDP_PS+NIGS_XGDP_PS.VIE+THA+INO+MAL+SIN?startPeriod=2005&format=sdmx-csv",DF_NA.csv,23,,Department of Statistics,Calendar Year,
MYS,Malaysia,nominal_gdp_lcu,GDP at current prices,2006,A,596784000000,MYR,current,,observed,A,NGDP_XDC,ADB,"https://kidb.adb.org/api/v5/sdmx/data/ADB,DF_NA/A.NGDP_XDC+NGDP_R_XDC+NGDPVA_ISIC4_C_XDC+NEGS_XGDP_PS+NIGS_XGDP_PS.VIE+THA+INO+MAL+SIN?startPeriod=2005&format=sdmx-csv",DF_NA.csv,24,,Department of Statistics,Calendar Year,
MYS,Malaysia,nominal_gdp_lcu,GDP at current prices,2007,A,665340000000,MYR,current,,observed,A,NGDP_XDC,ADB,"https://kidb.adb.org/api/v5/sdmx/data/ADB,DF_NA/A.NGDP_XDC+NGDP_R_XDC+NGDPVA_ISIC4_C_XDC+NEGS_XGDP_PS+NIGS_XGDP_PS.VIE+THA+INO+MAL+SIN?startPeriod=2005&format=sdmx-csv",DF_NA.csv,25,,Department of Statistics,Calendar Year,
MYS,Malaysia,nominal_gdp_lcu,GDP at current prices,2008,A,769949000000,MYR,current,,observed,A,NGDP_XDC,ADB,"https://kidb.adb.org/api/v5/sdmx/data/ADB,DF_NA/A.NGDP_XDC+NGDP_R_XDC+NGDPVA_ISIC4_C_XDC+NEGS_XGDP_PS+NIGS_XGDP_PS.VIE+THA+INO+MAL+SIN?startPeriod=2005&format=sdmx-csv",DF_NA.csv,26,,Department of Statistics,Calendar Year,
MYS,Malaysia,nominal_gdp_lcu,GDP at current prices,2009,A,712857000000,MYR,current,,observed,A,NGDP_XDC,ADB,"https://kidb.adb.org/api/v5/sdmx/data/ADB,DF_NA/A.NGDP_XDC+NGDP_R_XDC+NGDPVA_ISIC4_C_XDC+NEGS_XGDP_PS+NIGS_XGDP_PS.VIE+THA+INO+MAL+SIN?startPeriod=2005&format=sdmx-csv",DF_NA.csv,27,,Department of Statistics,Calendar Year,
MYS,Malaysia,nominal_gdp_lcu,GDP at current prices,2010,A,821434000000,MYR,current,,observed,A,NGDP_XDC,ADB,"https://kidb.adb.org/api/v5/sdmx/data/ADB,DF_NA/A.NGDP_XDC+NGDP_R_XDC+NGDPVA_ISIC4_C_XDC+NEGS_XGDP_PS+NIGS_XGDP_PS.VIE+THA+INO+MAL+SIN?startPeriod=2005&format=sdmx-csv",DF_NA.csv,28,,Department of Statistics,Calendar Year,
MYS,Malaysia,nominal_gdp_lcu,GDP at current prices,2011,A,911733000000,MYR,current,,observed,A,NGDP_XDC,ADB,"https://kidb.adb.org/api/v5/sdmx/data/ADB,DF_NA/A.NGDP_XDC+NGDP_R_XDC+NGDPVA_ISIC4_C_XDC+NEGS_XGDP_PS+NIGS_XGDP_PS.VIE+THA+INO+MAL+SIN?startPeriod=2005&format=sdmx-csv",DF_NA.csv,29,,Department of Statistics,Calendar Year,
MYS,Malaysia,nominal_gdp_lcu,GDP at current prices,2012,A,971252000000,MYR,current,,observed,A,NGDP_XDC,ADB,"https://kidb.adb.org/api/v5/sdmx/data/ADB,DF_NA/A.NGDP_XDC+NGDP_R_XDC+NGDPVA_ISIC4_C_XDC+NEGS_XGDP_PS+NIGS_XGDP_PS.VIE+THA+INO+MAL+SIN?startPeriod=2005&format=sdmx-csv",DF_NA.csv,30,,Department of Statistics,Calendar Year,
MYS,Malaysia,nominal_gdp_lcu,GDP at current prices,2013,A,1.018614e+12,MYR,current,,observed,A,NGDP_XDC,ADB,"https://kidb.adb.org/api/v5/sdmx/data/ADB,DF_NA/A.NGDP_XDC+NGDP_R_XDC+NGDPVA_ISIC4_C_XDC+NEGS_XGDP_PS+NIGS_XGDP_PS.VIE+THA+INO+MAL+SIN?startPeriod=2005&format=sdmx-csv",DF_NA.csv,31,,Department of Statistics,Calendar Year,
MYS,Malaysia,nominal_gdp_lcu,GDP at current prices,2014,A,1.106443e+12,MYR,current,,observed,A,NGDP_XDC,ADB,"https://kidb.adb.org/api/v5/sdmx/data/ADB,DF_NA/A.NGDP_XDC+NGDP_R_XDC+NGDPVA_ISIC4_C_XDC+NEGS_XGDP_PS+NIGS_XGDP_PS.VIE+THA+INO+MAL+SIN?startPeriod=2005&format=sdmx-csv",DF_NA.csv,32,,Department of Statistics,Calendar Year,
MYS,Malaysia,nominal_gdp_lcu,GDP at current prices,2015,A,1.176941187e+12,MYR,current,,observed,A,NGDP_XDC,ADB,"https://kidb.adb.org/api/v5/sdmx/data/ADB,DF_NA/A.NGDP_XDC+NGDP_R_XDC+NGDPVA_ISIC4_C_XDC+NEGS_XGDP_PS+NIGS_XGDP_PS.VIE+THA+INO+MAL+SIN?startPeriod=2005&format=sdmx-csv",DF_NA.csv,33,,Department of Statistics,Calendar Year,
MYS,Malaysia,nominal_gdp_lcu,GDP at current prices,2016,A,1.249697694e+12,MYR,current,,observed,A,NGDP_XDC,ADB,"https://kidb.adb.org/api/v5/sdmx/data/ADB,DF_NA/A.NGDP_XDC+NGDP_R_XDC+NGDPVA_ISIC4_C_XDC+NEGS_XGDP_PS+NIGS_XGDP_PS.VIE+THA+INO+MAL+SIN?startPeriod=2005&format=sdmx-csv",DF_NA.csv,34,,Department of Statistics,Calendar Year,
MYS,Malaysia,nominal_gdp_lcu,GDP at current prices,2017,A,1.372309832e+12,MYR,current,,observed,A,NGDP_XDC,ADB,"https://kidb.adb.org/api/v5/sdmx/data/ADB,DF_NA/A.NGDP_XDC+NGDP_R_XDC+NGDPVA_ISIC4_C_XDC+NEGS_XGDP_PS+NIGS_XGDP_PS.VIE+THA+INO+MAL+SIN?startPeriod=2005&format=sdmx-csv",DF_NA.csv,35,,Department of Statistics,Calendar Year,
MYS,Malaysia,nominal_gdp_lcu,GDP at current prices,2018,A,1.447759635e+12,MYR,current,,observed,A,NGDP_XDC,ADB,"https://kidb.adb.org/api/v5/sdmx/data/ADB,DF_NA/A.NGDP_XDC+NGDP_R_XDC+NGDPVA_ISIC4_C_XDC+NEGS_XGDP_PS+NIGS_XGDP_PS.VIE+THA+INO+MAL+SIN?startPeriod=2005&format=sdmx-csv",DF_NA.csv,36,,Department of Statistics,Calendar Year,
MYS,Malaysia,nominal_gdp_lcu,GDP at current prices,2019,A,1.512737754e+12,MYR,current,,observed,A,NGDP_XDC,ADB,"https://kidb.adb.org/api/v5/sdmx/data/ADB,DF_NA/A.NGDP_XDC+NGDP_R_XDC+NGDPVA_ISIC4_C_XDC+NEGS_XGDP_PS+NIGS_XGDP_PS.VIE+THA+INO+MAL+SIN?startPeriod=2005&format=sdmx-csv",DF_NA.csv,37,,Department of Statistics,Calendar Year,
MYS,Malaysia,nominal_gdp_lcu,GDP at current prices,2020,A,1.418490911e+12,MYR,current,,observed,A,NGDP_XDC,ADB,"https://kidb.adb.org/api/v5/sdmx/data/ADB,DF_NA/A.NGDP_XDC+NGDP_R_XDC+NGDPVA_ISIC4_C_XDC+NEGS_XGDP_PS+NIGS_XGDP_PS.VIE+THA+INO+MAL+SIN?startPeriod=2005&format=sdmx-csv",DF_NA.csv,38,,Department of Statistics,Calendar Year,
MYS,Malaysia,nominal_gdp_lcu,GDP at current prices,2021,A,1.548700791e+12,MYR,current,,observed,A,NGDP_XDC,ADB,"https://kidb.adb.org/api/v5/sdmx/data/ADB,DF_NA/A.NGDP_XDC+NGDP_R_XDC+NGDPVA_ISIC4_C_XDC+NEGS_XGDP_PS+NIGS_XGDP_PS.VIE+THA+INO+MAL+SIN?startPeriod=2005&format=sdmx-csv",DF_NA.csv,39,,Department of Statistics,Calendar Year,
MYS,Malaysia,nominal_gdp_lcu,GDP at current prices,2022,A,1.79489314e+12,MYR,current,,observed,A,NGDP_XDC,ADB,"https://kidb.adb.org/api/v5/sdmx/data/ADB,DF_NA/A.NGDP_XDC+NGDP_R_XDC+NGDPVA_ISIC4_C_XDC+NEGS_XGDP_PS+NIGS_XGDP_PS.VIE+THA+INO+MAL+SIN?startPeriod=2005&format=sdmx-csv",DF_NA.csv,40,,Department of Statistics,Calendar Year,
MYS,Malaysia,nominal_gdp_lcu,GDP at current prices,2023,A,1.825325444e+12,MYR,current,,observed,A,NGDP_XDC,ADB,"https://kidb.adb.org/api/v5/sdmx/data/ADB,DF_NA/A.NGDP_XDC+NGDP_R_XDC+NGDPVA_ISIC4_C_XDC+NEGS_XGDP_PS+NIGS_XGDP_PS.VIE+THA+INO+MAL+SIN?startPeriod=2005&format=sdmx-csv",DF_NA.csv,41,,Department of Statistics,Calendar Year,
MYS,Malaysia,nominal_gdp_lcu,GDP at current prices,2024,A,1.933209415e+12,MYR,current,,observed,A,NGDP_XDC,ADB,"https://kidb.adb.org/api/v5/sdmx/data/ADB,DF_NA/A.NGDP_XDC+NGDP_R_XDC+NGDPVA_ISIC4_C_XDC+NEGS_XGDP_PS+NIGS_XGDP_PS.VIE+THA+INO+MAL+SIN?startPeriod=2005&format=sdmx-csv",DF_NA.csv,42,,Department of Statistics,Calendar Year,
MYS,Malaysia,nominal_gdp_lcu,GDP at current prices,2025,A,2.02537914e+12,MYR,current,,observed,A,NGDP_XDC,ADB,"https://kidb.adb.org/api/v5/sdmx/data/ADB,DF_NA/A.NGDP_XDC+NGDP_R_XDC+NGDPVA_ISIC4_C_XDC+NEGS_XGDP_PS+NIGS_XGDP_PS.VIE+THA+INO+MAL+SIN?startPeriod=2005&format=sdmx-csv",DF_NA.csv,43,,Department of Statistics,Calendar Year,
MYS,Malaysia,reserves_months,Total reserves in months of imports,2005,A,5.94300135814,months,not_applicable,,unknown,,FI.RES.TOTL.MO,World Bank WDI,https://api.worldbank.org/v2/country/VNM;THA;IDN;MYS;SGP/indicator/FI.RES.TOTL.MO?format=json&per_page=20000&date=2005:2026,wb_reserves.json,,,WDI,,
MYS,Malaysia,reserves_months,Total reserves in months of imports,2006,A,6.20407077455,months,not_applicable,,unknown,,FI.RES.TOTL.MO,World Bank WDI,https://api.worldbank.org/v2/country/VNM;THA;IDN;MYS;SGP/indicator/FI.RES.TOTL.MO?format=json&per_page=20000&date=2005:2026,wb_reserves.json,,,WDI,,
MYS,Malaysia,reserves_months,Total reserves in months of imports,2007,A,6.70420376771,months,not_applicable,,unknown,,FI.RES.TOTL.MO,World Bank WDI,https://api.worldbank.org/v2/country/VNM;THA;IDN;MYS;SGP/indicator/FI.RES.TOTL.MO?format=json&per_page=20000&date=2005:2026,wb_reserves.json,,,WDI,,
MYS,Malaysia,reserves_months,Total reserves in months of imports,2008,A,5.58926321545,months,not_applicable,,unknown,,FI.RES.TOTL.MO,World Bank WDI,https://api.worldbank.org/v2/country/VNM;THA;IDN;MYS;SGP/indicator/FI.RES.TOTL.MO?format=json&per_page=20000&date=2005:2026,wb_reserves.json,,,WDI,,
MYS,Malaysia,reserves_months,Total reserves in months of imports,2009,A,7.24461462096,months,not_applicable,,unknown,,FI.RES.TOTL.MO,World Bank WDI,https://api.worldbank.org/v2/country/VNM;THA;IDN;MYS;SGP/indicator/FI.RES.TOTL.MO?format=json&per_page=20000&date=2005:2026,wb_reserves.json,,,WDI,,
MYS,Malaysia,reserves_months,Total reserves in months of imports,2010,A,6.34115209858,months,not_applicable,,unknown,,FI.RES.TOTL.MO,World Bank WDI,https://api.worldbank.org/v2/country/VNM;THA;IDN;MYS;SGP/indicator/FI.RES.TOTL.MO?format=json&per_page=20000&date=2005:2026,wb_reserves.json,,,WDI,,
MYS,Malaysia,reserves_months,Total reserves in months of imports,2011,A,6.9155954387,months,not_applicable,,unknown,,FI.RES.TOTL.MO,World Bank WDI,https://api.worldbank.org/v2/country/VNM;THA;IDN;MYS;SGP/indicator/FI.RES.TOTL.MO?format=json&per_page=20000&date=2005:2026,wb_reserves.json,,,WDI,,
MYS,Malaysia,reserves_months,Total reserves in months of imports,2012,A,6.96382782005,months,not_applicable,,unknown,,FI.RES.TOTL.MO,World Bank WDI,https://api.worldbank.org/v2/country/VNM;THA;IDN;MYS;SGP/indicator/FI.RES.TOTL.MO?format=json&per_page=20000&date=2005:2026,wb_reserves.json,,,WDI,,
MYS,Malaysia,reserves_months,Total reserves in months of imports,2013,A,6.66725243911,months,not_applicable,,unknown,,FI.RES.TOTL.MO,World Bank WDI,https://api.worldbank.org/v2/country/VNM;THA;IDN;MYS;SGP/indicator/FI.RES.TOTL.MO?format=json&per_page=20000&date=2005:2026,wb_reserves.json,,,WDI,,
MYS,Malaysia,reserves_months,Total reserves in months of imports,2014,A,5.6700220201,months,not_applicable,,unknown,,FI.RES.TOTL.MO,World Bank WDI,https://api.worldbank.org/v2/country/VNM;THA;IDN;MYS;SGP/indicator/FI.RES.TOTL.MO?format=json&per_page=20000&date=2005:2026,wb_reserves.json,,,WDI,,
MYS,Malaysia,reserves_months,Total reserves in months of imports,2015,A,5.50777041075,months,not_applicable,,unknown,,FI.RES.TOTL.MO,World Bank WDI,https://api.worldbank.org/v2/country/VNM;THA;IDN;MYS;SGP/indicator/FI.RES.TOTL.MO?format=json&per_page=20000&date=2005:2026,wb_reserves.json,,,WDI,,
MYS,Malaysia,reserves_months,Total reserves in months of imports,2016,A,5.64270997828,months,not_applicable,,unknown,,FI.RES.TOTL.MO,World Bank WDI,https://api.worldbank.org/v2/country/VNM;THA;IDN;MYS;SGP/indicator/FI.RES.TOTL.MO?format=json&per_page=20000&date=2005:2026,wb_reserves.json,,,WDI,,
MYS,Malaysia,reserves_months,Total reserves in months of imports,2017,A,5.5076074113,months,not_applicable,,unknown,,FI.RES.TOTL.MO,World Bank WDI,https://api.worldbank.org/v2/country/VNM;THA;IDN;MYS;SGP/indicator/FI.RES.TOTL.MO?format=json&per_page=20000&date=2005:2026,wb_reserves.json,,,WDI,,
MYS,Malaysia,reserves_months,Total reserves in months of imports,2018,A,4.91023691554,months,not_applicable,,unknown,,FI.RES.TOTL.MO,World Bank WDI,https://api.worldbank.org/v2/country/VNM;THA;IDN;MYS;SGP/indicator/FI.RES.TOTL.MO?format=json&per_page=20000&date=2005:2026,wb_reserves.json,,,WDI,,
MYS,Malaysia,reserves_months,Total reserves in months of imports,2019,A,5.26575125944,months,not_applicable,,unknown,,FI.RES.TOTL.MO,World Bank WDI,https://api.worldbank.org/v2/country/VNM;THA;IDN;MYS;SGP/indicator/FI.RES.TOTL.MO?format=json&per_page=20000&date=2005:2026,wb_reserves.json,,,WDI,,
MYS,Malaysia,reserves_months,Total reserves in months of imports,2020,A,6.26880997379,months,not_applicable,,unknown,,FI.RES.TOTL.MO,World Bank WDI,https://api.worldbank.org/v2/country/VNM;THA;IDN;MYS;SGP/indicator/FI.RES.TOTL.MO?format=json&per_page=20000&date=2005:2026,wb_reserves.json,,,WDI,,
MYS,Malaysia,reserves_months,Total reserves in months of imports,2021,A,5.18620609619,months,not_applicable,,unknown,,FI.RES.TOTL.MO,World Bank WDI,https://api.worldbank.org/v2/country/VNM;THA;IDN;MYS;SGP/indicator/FI.RES.TOTL.MO?format=json&per_page=20000&date=2005:2026,wb_reserves.json,,,WDI,,
MYS,Malaysia,reserves_months,Total reserves in months of imports,2022,A,4.32861908088,months,not_applicable,,unknown,,FI.RES.TOTL.MO,World Bank WDI,https://api.worldbank.org/v2/country/VNM;THA;IDN;MYS;SGP/indicator/FI.RES.TOTL.MO?format=json&per_page=20000&date=2005:2026,wb_reserves.json,,,WDI,,
MYS,Malaysia,reserves_months,Total reserves in months of imports,2023,A,4.77774044018,months,not_applicable,,unknown,,FI.RES.TOTL.MO,World Bank WDI,https://api.worldbank.org/v2/country/VNM;THA;IDN;MYS;SGP/indicator/FI.RES.TOTL.MO?format=json&per_page=20000&date=2005:2026,wb_reserves.json,,,WDI,,
MYS,Malaysia,reserves_months,Total reserves in months of imports,2024,A,4.45057833503,months,not_applicable,,unknown,,FI.RES.TOTL.MO,World Bank WDI,https://api.worldbank.org/v2/country/VNM;THA;IDN;MYS;SGP/indicator/FI.RES.TOTL.MO?format=json&per_page=20000&date=2005:2026,wb_reserves.json,,,WDI,,
MYS,Malaysia,reserves_months,Total reserves in months of imports,2025,A,,months,not_applicable,,unknown,,FI.RES.TOTL.MO,World Bank WDI,https://api.worldbank.org/v2/country/VNM;THA;IDN;MYS;SGP/indicator/FI.RES.TOTL.MO?format=json&per_page=20000&date=2005:2026,wb_reserves.json,,,WDI,,
SGP,Singapore,current_account_pct,Current account balance,2005,A,23.3,percent_gdp,current,,observed,A,BCA_BP6_XGDP_PS,ADB,"https://kidb.adb.org/api/v5/sdmx/data/ADB,DF_GLOB_BOP/A.BCA_BP6_XGDP_PS.VIE+THA+INO+MAL+SIN?startPeriod=2005&format=sdmx-csv",DF_GLOB_BOP.csv,44,,Singapore Department of Statistics,Calendar Year,Balance of Payment Manual 6th Edition
SGP,Singapore,current_account_pct,Current account balance,2006,A,26.9,percent_gdp,current,,observed,A,BCA_BP6_XGDP_PS,ADB,"https://kidb.adb.org/api/v5/sdmx/data/ADB,DF_GLOB_BOP/A.BCA_BP6_XGDP_PS.VIE+THA+INO+MAL+SIN?startPeriod=2005&format=sdmx-csv",DF_GLOB_BOP.csv,45,,Singapore Department of Statistics,Calendar Year,Balance of Payment Manual 6th Edition
SGP,Singapore,current_account_pct,Current account balance,2007,A,27.1,percent_gdp,current,,observed,A,BCA_BP6_XGDP_PS,ADB,"https://kidb.adb.org/api/v5/sdmx/data/ADB,DF_GLOB_BOP/A.BCA_BP6_XGDP_PS.VIE+THA+INO+MAL+SIN?startPeriod=2005&format=sdmx-csv",DF_GLOB_BOP.csv,46,,Singapore Department of Statistics,Calendar Year,Balance of Payment Manual 6th Edition
SGP,Singapore,current_account_pct,Current account balance,2008,A,15.1,percent_gdp,current,,observed,A,BCA_BP6_XGDP_PS,ADB,"https://kidb.adb.org/api/v5/sdmx/data/ADB,DF_GLOB_BOP/A.BCA_BP6_XGDP_PS.VIE+THA+INO+MAL+SIN?startPeriod=2005&format=sdmx-csv",DF_GLOB_BOP.csv,47,,Singapore Department of Statistics,Calendar Year,Balance of Payment Manual 6th Edition
SGP,Singapore,current_account_pct,Current account balance,2009,A,16.4,percent_gdp,current,,observed,A,BCA_BP6_XGDP_PS,ADB,"https://kidb.adb.org/api/v5/sdmx/data/ADB,DF_GLOB_BOP/A.BCA_BP6_XGDP_PS.VIE+THA+INO+MAL+SIN?startPeriod=2005&format=sdmx-csv",DF_GLOB_BOP.csv,48,,Singapore Department of Statistics,Calendar Year,Balance of Payment Manual 6th Edition
SGP,Singapore,current_account_pct,Current account balance,2010,A,22.9,percent_gdp,current,,observed,A,BCA_BP6_XGDP_PS,ADB,"https://kidb.adb.org/api/v5/sdmx/data/ADB,DF_GLOB_BOP/A.BCA_BP6_XGDP_PS.VIE+THA+INO+MAL+SIN?startPeriod=2005&format=sdmx-csv",DF_GLOB_BOP.csv,49,,Singapore Department of Statistics,Calendar Year,Balance of Payment Manual 6th Edition
SGP,Singapore,current_account_pct,Current account balance,2011,A,22.2,percent_gdp,current,,observed,A,BCA_BP6_XGDP_PS,ADB,"https://kidb.adb.org/api/v5/sdmx/data/ADB,DF_GLOB_BOP/A.BCA_BP6_XGDP_PS.VIE+THA+INO+MAL+SIN?startPeriod=2005&format=sdmx-csv",DF_GLOB_BOP.csv,50,,Singapore Department of Statistics,Calendar Year,Balance of Payment Manual 6th Edition
SGP,Singapore,current_account_pct,Current account balance,2012,A,17.6,percent_gdp,current,,observed,A,BCA_BP6_XGDP_PS,ADB,"https://kidb.adb.org/api/v5/sdmx/data/ADB,DF_GLOB_BOP/A.BCA_BP6_XGDP_PS.VIE+THA+INO+MAL+SIN?startPeriod=2005&format=sdmx-csv",DF_GLOB_BOP.csv,51,,Singapore Department of Statistics,Calendar Year,Balance of Payment Manual 6th Edition
SGP,Singapore,current_account_pct,Current account balance,2013,A,15.7,percent_gdp,current,,observed,A,BCA_BP6_XGDP_PS,ADB,"https://kidb.adb.org/api/v5/sdmx/data/ADB,DF_GLOB_BOP/A.BCA_BP6_XGDP_PS.VIE+THA+INO+MAL+SIN?startPeriod=2005&format=sdmx-csv",DF_GLOB_BOP.csv,52,,Singapore Department of Statistics,Calendar Year,Balance of Payment Manual 6th Edition
SGP,Singapore,current_account_pct,Current account balance,2014,A,18,percent_gdp,current,,observed,A,BCA_BP6_XGDP_PS,ADB,"https://kidb.adb.org/api/v5/sdmx/data/ADB,DF_GLOB_BOP/A.BCA_BP6_XGDP_PS.VIE+THA+INO+MAL+SIN?startPeriod=2005&format=sdmx-csv",DF_GLOB_BOP.csv,53,,Singapore Department of Statistics,Calendar Year,Balance of Payment Manual 6th Edition
SGP,Singapore,current_account_pct,Current account balance,2015,A,18.7,percent_gdp,current,,observed,A,BCA_BP6_XGDP_PS,ADB,"https://kidb.adb.org/api/v5/sdmx/data/ADB,DF_GLOB_BOP/A.BCA_BP6_XGDP_PS.VIE+THA+INO+MAL+SIN?startPeriod=2005&format=sdmx-csv",DF_GLOB_BOP.csv,54,,Singapore Department of Statistics,Calendar Year,Balance of Payment Manual 6th Edition
SGP,Singapore,current_account_pct,Current account balance,2016,A,18,percent_gdp,current,,observed,A,BCA_BP6_XGDP_PS,ADB,"https://kidb.adb.org/api/v5/sdmx/data/ADB,DF_GLOB_BOP/A.BCA_BP6_XGDP_PS.VIE+THA+INO+MAL+SIN?startPeriod=2005&format=sdmx-csv",DF_GLOB_BOP.csv,55,,Singapore Department of Statistics,Calendar Year,Balance of Payment Manual 6th Edition
SGP,Singapore,current_account_pct,Current account balance,2017,A,18.5,percent_gdp,current,,observed,A,BCA_BP6_XGDP_PS,ADB,"https://kidb.adb.org/api/v5/sdmx/data/ADB,DF_GLOB_BOP/A.BCA_BP6_XGDP_PS.VIE+THA+INO+MAL+SIN?startPeriod=2005&format=sdmx-csv",DF_GLOB_BOP.csv,56,,Singapore Department of Statistics,Calendar Year,Balance of Payment Manual 6th Edition
SGP,Singapore,current_account_pct,Current account balance,2018,A,15.7,percent_gdp,current,,observed,A,BCA_BP6_XGDP_PS,ADB,"https://kidb.adb.org/api/v5/sdmx/data/ADB,DF_GLOB_BOP/A.BCA_BP6_XGDP_PS.VIE+THA+INO+MAL+SIN?startPeriod=2005&format=sdmx-csv",DF_GLOB_BOP.csv,57,,Singapore Department of Statistics,Calendar Year,Balance of Payment Manual 6th Edition
SGP,Singapore,current_account_pct,Current account balance,2019,A,15.5,percent_gdp,current,,observed,A,BCA_BP6_XGDP_PS,ADB,"https://kidb.adb.org/api/v5/sdmx/data/ADB,DF_GLOB_BOP/A.BCA_BP6_XGDP_PS.VIE+THA+INO+MAL+SIN?startPeriod=2005&format=sdmx-csv",DF_GLOB_BOP.csv,58,,Singapore Department of Statistics,Calendar Year,Balance of Payment Manual 6th Edition
SGP,Singapore,current_account_pct,Current account balance,2020,A,17.7,percent_gdp,current,,observed,A,BCA_BP6_XGDP_PS,ADB,"https://kidb.adb.org/api/v5/sdmx/data/ADB,DF_GLOB_BOP/A.BCA_BP6_XGDP_PS.VIE+THA+INO+MAL+SIN?startPeriod=2005&format=sdmx-csv",DF_GLOB_BOP.csv,59,,Singapore Department of Statistics,Calendar Year,Balance of Payment Manual 6th Edition
SGP,Singapore,current_account_pct,Current account balance,2021,A,19.3,percent_gdp,current,,observed,A,BCA_BP6_XGDP_PS,ADB,"https://kidb.adb.org/api/v5/sdmx/data/ADB,DF_GLOB_BOP/A.BCA_BP6_XGDP_PS.VIE+THA+INO+MAL+SIN?startPeriod=2005&format=sdmx-csv",DF_GLOB_BOP.csv,60,,Singapore Department of Statistics,Calendar Year,Balance of Payment Manual 6th Edition
SGP,Singapore,current_account_pct,Current account balance,2022,A,18.9,percent_gdp,current,,observed,A,BCA_BP6_XGDP_PS,ADB,"https://kidb.adb.org/api/v5/sdmx/data/ADB,DF_GLOB_BOP/A.BCA_BP6_XGDP_PS.VIE+THA+INO+MAL+SIN?startPeriod=2005&format=sdmx-csv",DF_GLOB_BOP.csv,61,,Singapore Department of Statistics,Calendar Year,Balance of Payment Manual 6th Edition
SGP,Singapore,current_account_pct,Current account balance,2023,A,16.4,percent_gdp,current,,observed,A,BCA_BP6_XGDP_PS,ADB,"https://kidb.adb.org/api/v5/sdmx/data/ADB,DF_GLOB_BOP/A.BCA_BP6_XGDP_PS.VIE+THA+INO+MAL+SIN?startPeriod=2005&format=sdmx-csv",DF_GLOB_BOP.csv,62,,Singapore Department of Statistics,Calendar Year,Balance of Payment Manual 6th Edition
SGP,Singapore,current_account_pct,Current account balance,2024,A,17.2,percent_gdp,current,,observed,A,BCA_BP6_XGDP_PS,ADB,"https://kidb.adb.org/api/v5/sdmx/data/ADB,DF_GLOB_BOP/A.BCA_BP6_XGDP_PS.VIE+THA+INO+MAL+SIN?startPeriod=2005&format=sdmx-csv",DF_GLOB_BOP.csv,63,,Singapore Department of Statistics,Calendar Year,Balance of Payment Manual 6th Edition
SGP,Singapore,current_account_pct,Current account balance,2025,A,16.7,percent_gdp,current,,observed,A,BCA_BP6_XGDP_PS,ADB,"https://kidb.adb.org/api/v5/sdmx/data/ADB,DF_GLOB_BOP/A.BCA_BP6_XGDP_PS.VIE+THA+INO+MAL+SIN?startPeriod=2005&format=sdmx-csv",DF_GLOB_BOP.csv,64,,Singapore Department of Statistics,Calendar Year,Balance of Payment Manual 6th Edition
SGP,Singapore,exports_pct,Exports of goods and services,2005,A,225.2,percent_gdp,current,,observed,A,NEGS_XGDP_PS,ADB,"https://kidb.adb.org/api/v5/sdmx/data/ADB,DF_NA/A.NGDP_XDC+NGDP_R_XDC+NGDPVA_ISIC4_C_XDC+NEGS_XGDP_PS+NIGS_XGDP_PS.VIE+THA+INO+MAL+SIN?startPeriod=2005&format=sdmx-csv",DF_NA.csv,254,,Singapore Department of Statistics,Calendar Year,
SGP,Singapore,exports_pct,Exports of goods and services,2006,A,228,percent_gdp,current,,observed,A,NEGS_XGDP_PS,ADB,"https://kidb.adb.org/api/v5/sdmx/data/ADB,DF_NA/A.NGDP_XDC+NGDP_R_XDC+NGDPVA_ISIC4_C_XDC+NEGS_XGDP_PS+NIGS_XGDP_PS.VIE+THA+INO+MAL+SIN?startPeriod=2005&format=sdmx-csv",DF_NA.csv,255,,Singapore Department of Statistics,Calendar Year,
SGP,Singapore,exports_pct,Exports of goods and services,2007,A,212.8,percent_gdp,current,,observed,A,NEGS_XGDP_PS,ADB,"https://kidb.adb.org/api/v5/sdmx/data/ADB,DF_NA/A.NGDP_XDC+NGDP_R_XDC+NGDPVA_ISIC4_C_XDC+NEGS_XGDP_PS+NIGS_XGDP_PS.VIE+THA+INO+MAL+SIN?startPeriod=2005&format=sdmx-csv",DF_NA.csv,256,,Singapore Department of Statistics,Calendar Year,
SGP,Singapore,exports_pct,Exports of goods and services,2008,A,229,percent_gdp,current,,observed,A,NEGS_XGDP_PS,ADB,"https://kidb.adb.org/api/v5/sdmx/data/ADB,DF_NA/A.NGDP_XDC+NGDP_R_XDC+NGDPVA_ISIC4_C_XDC+NEGS_XGDP_PS+NIGS_XGDP_PS.VIE+THA+INO+MAL+SIN?startPeriod=2005&format=sdmx-csv",DF_NA.csv,257,,Singapore Department of Statistics,Calendar Year,
SGP,Singapore,exports_pct,Exports of goods and services,2009,A,190.8,percent_gdp,current,,observed,A,NEGS_XGDP_PS,ADB,"https://kidb.adb.org/api/v5/sdmx/data/ADB,DF_NA/A.NGDP_XDC+NGDP_R_XDC+NGDPVA_ISIC4_C_XDC+NEGS_XGDP_PS+NIGS_XGDP_PS.VIE+THA+INO+MAL+SIN?startPeriod=2005&format=sdmx-csv",DF_NA.csv,258,,Singapore Department of Statistics,Calendar Year,
SGP,Singapore,exports_pct,Exports of goods and services,2010,A,198,percent_gdp,current,,observed,A,NEGS_XGDP_PS,ADB,"https://kidb.adb.org/api/v5/sdmx/data/ADB,DF_NA/A.NGDP_XDC+NGDP_R_XDC+NGDPVA_ISIC4_C_XDC+NEGS_XGDP_PS+NIGS_XGDP_PS.VIE+THA+INO+MAL+SIN?startPeriod=2005&format=sdmx-csv",DF_NA.csv,259,,Singapore Department of Statistics,Calendar Year,
SGP,Singapore,exports_pct,Exports of goods and services,2011,A,203.3,percent_gdp,current,,observed,A,NEGS_XGDP_PS,ADB,"https://kidb.adb.org/api/v5/sdmx/data/ADB,DF_NA/A.NGDP_XDC+NGDP_R_XDC+NGDPVA_ISIC4_C_XDC+NEGS_XGDP_PS+NIGS_XGDP_PS.VIE+THA+INO+MAL+SIN?startPeriod=2005&format=sdmx-csv",DF_NA.csv,260,,Singapore Department of Statistics,Calendar Year,
SGP,Singapore,exports_pct,Exports of goods and services,2012,A,196.7,percent_gdp,current,,observed,A,NEGS_XGDP_PS,ADB,"https://kidb.adb.org/api/v5/sdmx/data/ADB,DF_NA/A.NGDP_XDC+NGDP_R_XDC+NGDPVA_ISIC4_C_XDC+NEGS_XGDP_PS+NIGS_XGDP_PS.VIE+THA+INO+MAL+SIN?startPeriod=2005&format=sdmx-csv",DF_NA.csv,261,,Singapore Department of Statistics,Calendar Year,
SGP,Singapore,exports_pct,Exports of goods and services,2013,A,195.1,percent_gdp,current,,observed,A,NEGS_XGDP_PS,ADB,"https://kidb.adb.org/api/v5/sdmx/data/ADB,DF_NA/A.NGDP_XDC+NGDP_R_XDC+NGDPVA_ISIC4_C_XDC+NEGS_XGDP_PS+NIGS_XGDP_PS.VIE+THA+INO+MAL+SIN?startPeriod=2005&format=sdmx-csv",DF_NA.csv,262,,Singapore Department of Statistics,Calendar Year,
SGP,Singapore,exports_pct,Exports of goods and services,2014,A,192,percent_gdp,current,,observed,A,NEGS_XGDP_PS,ADB,"https://kidb.adb.org/api/v5/sdmx/data/ADB,DF_NA/A.NGDP_XDC+NGDP_R_XDC+NGDPVA_ISIC4_C_XDC+NEGS_XGDP_PS+NIGS_XGDP_PS.VIE+THA+INO+MAL+SIN?startPeriod=2005&format=sdmx-csv",DF_NA.csv,263,,Singapore Department of Statistics,Calendar Year,
SGP,Singapore,exports_pct,Exports of goods and services,2015,A,178.4,percent_gdp,current,,observed,A,NEGS_XGDP_PS,ADB,"https://kidb.adb.org/api/v5/sdmx/data/ADB,DF_NA/A.NGDP_XDC+NGDP_R_XDC+NGDPVA_ISIC4_C_XDC+NEGS_XGDP_PS+NIGS_XGDP_PS.VIE+THA+INO+MAL+SIN?startPeriod=2005&format=sdmx-csv",DF_NA.csv,264,,Singapore Department of Statistics,Calendar Year,
SGP,Singapore,exports_pct,Exports of goods and services,2016,A,163.8,percent_gdp,current,,observed,A,NEGS_XGDP_PS,ADB,"https://kidb.adb.org/api/v5/sdmx/data/ADB,DF_NA/A.NGDP_XDC+NGDP_R_XDC+NGDPVA_ISIC4_C_XDC+NEGS_XGDP_PS+NIGS_XGDP_PS.VIE+THA+INO+MAL+SIN?startPeriod=2005&format=sdmx-csv",DF_NA.csv,265,,Singapore Department of Statistics,Calendar Year,
SGP,Singapore,exports_pct,Exports of goods and services,2017,A,171,percent_gdp,current,,observed,A,NEGS_XGDP_PS,ADB,"https://kidb.adb.org/api/v5/sdmx/data/ADB,DF_NA/A.NGDP_XDC+NGDP_R_XDC+NGDPVA_ISIC4_C_XDC+NEGS_XGDP_PS+NIGS_XGDP_PS.VIE+THA+INO+MAL+SIN?startPeriod=2005&format=sdmx-csv",DF_NA.csv,266,,Singapore Department of Statistics,Calendar Year,
SGP,Singapore,exports_pct,Exports of goods and services,2018,A,177.7,percent_gdp,current,,observed,A,NEGS_XGDP_PS,ADB,"https://kidb.adb.org/api/v5/sdmx/data/ADB,DF_NA/A.NGDP_XDC+NGDP_R_XDC+NGDPVA_ISIC4_C_XDC+NEGS_XGDP_PS+NIGS_XGDP_PS.VIE+THA+INO+MAL+SIN?startPeriod=2005&format=sdmx-csv",DF_NA.csv,267,,Singapore Department of Statistics,Calendar Year,
SGP,Singapore,exports_pct,Exports of goods and services,2019,A,176.8,percent_gdp,current,,observed,A,NEGS_XGDP_PS,ADB,"https://kidb.adb.org/api/v5/sdmx/data/ADB,DF_NA/A.NGDP_XDC+NGDP_R_XDC+NGDPVA_ISIC4_C_XDC+NEGS_XGDP_PS+NIGS_XGDP_PS.VIE+THA+INO+MAL+SIN?startPeriod=2005&format=sdmx-csv",DF_NA.csv,268,,Singapore Department of Statistics,Calendar Year,
SGP,Singapore,exports_pct,Exports of goods and services,2020,A,181.2,percent_gdp,current,,observed,A,NEGS_XGDP_PS,ADB,"https://kidb.adb.org/api/v5/sdmx/data/ADB,DF_NA/A.NGDP_XDC+NGDP_R_XDC+NGDPVA_ISIC4_C_XDC+NEGS_XGDP_PS+NIGS_XGDP_PS.VIE+THA+INO+MAL+SIN?startPeriod=2005&format=sdmx-csv",DF_NA.csv,269,,Singapore Department of Statistics,Calendar Year,
SGP,Singapore,exports_pct,Exports of goods and services,2021,A,181.2,percent_gdp,current,,observed,A,NEGS_XGDP_PS,ADB,"https://kidb.adb.org/api/v5/sdmx/data/ADB,DF_NA/A.NGDP_XDC+NGDP_R_XDC+NGDPVA_ISIC4_C_XDC+NEGS_XGDP_PS+NIGS_XGDP_PS.VIE+THA+INO+MAL+SIN?startPeriod=2005&format=sdmx-csv",DF_NA.csv,270,,Singapore Department of Statistics,Calendar Year,
SGP,Singapore,exports_pct,Exports of goods and services,2022,A,185,percent_gdp,current,,observed,A,NEGS_XGDP_PS,ADB,"https://kidb.adb.org/api/v5/sdmx/data/ADB,DF_NA/A.NGDP_XDC+NGDP_R_XDC+NGDPVA_ISIC4_C_XDC+NEGS_XGDP_PS+NIGS_XGDP_PS.VIE+THA+INO+MAL+SIN?startPeriod=2005&format=sdmx-csv",DF_NA.csv,271,,Singapore Department of Statistics,Calendar Year,
SGP,Singapore,exports_pct,Exports of goods and services,2023,A,180.4,percent_gdp,current,,observed,A,NEGS_XGDP_PS,ADB,"https://kidb.adb.org/api/v5/sdmx/data/ADB,DF_NA/A.NGDP_XDC+NGDP_R_XDC+NGDPVA_ISIC4_C_XDC+NEGS_XGDP_PS+NIGS_XGDP_PS.VIE+THA+INO+MAL+SIN?startPeriod=2005&format=sdmx-csv",DF_NA.csv,272,,Singapore Department of Statistics,Calendar Year,
SGP,Singapore,exports_pct,Exports of goods and services,2024,A,174.7,percent_gdp,current,,observed,A,NEGS_XGDP_PS,ADB,"https://kidb.adb.org/api/v5/sdmx/data/ADB,DF_NA/A.NGDP_XDC+NGDP_R_XDC+NGDPVA_ISIC4_C_XDC+NEGS_XGDP_PS+NIGS_XGDP_PS.VIE+THA+INO+MAL+SIN?startPeriod=2005&format=sdmx-csv",DF_NA.csv,273,,Singapore Department of Statistics,Calendar Year,
SGP,Singapore,exports_pct,Exports of goods and services,2025,A,177.9,percent_gdp,current,,observed,A,NEGS_XGDP_PS,ADB,"https://kidb.adb.org/api/v5/sdmx/data/ADB,DF_NA/A.NGDP_XDC+NGDP_R_XDC+NGDPVA_ISIC4_C_XDC+NEGS_XGDP_PS+NIGS_XGDP_PS.VIE+THA+INO+MAL+SIN?startPeriod=2005&format=sdmx-csv",DF_NA.csv,274,,Singapore Department of Statistics,Calendar Year,
SGP,Singapore,imports_pct,Imports of goods and services,2005,A,195.3,percent_gdp,current,,observed,A,NIGS_XGDP_PS,ADB,"https://kidb.adb.org/api/v5/sdmx/data/ADB,DF_NA/A.NGDP_XDC+NGDP_R_XDC+NGDPVA_ISIC4_C_XDC+NEGS_XGDP_PS+NIGS_XGDP_PS.VIE+THA+INO+MAL+SIN?startPeriod=2005&format=sdmx-csv",DF_NA.csv,359,,Singapore Department of Statistics,Calendar Year,
SGP,Singapore,imports_pct,Imports of goods and services,2006,A,197.3,percent_gdp,current,,observed,A,NIGS_XGDP_PS,ADB,"https://kidb.adb.org/api/v5/sdmx/data/ADB,DF_NA/A.NGDP_XDC+NGDP_R_XDC+NGDPVA_ISIC4_C_XDC+NEGS_XGDP_PS+NIGS_XGDP_PS.VIE+THA+INO+MAL+SIN?startPeriod=2005&format=sdmx-csv",DF_NA.csv,360,,Singapore Department of Statistics,Calendar Year,
SGP,Singapore,imports_pct,Imports of goods and services,2007,A,181.5,percent_gdp,current,,observed,A,NIGS_XGDP_PS,ADB,"https://kidb.adb.org/api/v5/sdmx/data/ADB,DF_NA/A.NGDP_XDC+NGDP_R_XDC+NGDPVA_ISIC4_C_XDC+NEGS_XGDP_PS+NIGS_XGDP_PS.VIE+THA+INO+MAL+SIN?startPeriod=2005&format=sdmx-csv",DF_NA.csv,361,,Singapore Department of Statistics,Calendar Year,
SGP,Singapore,imports_pct,Imports of goods and services,2008,A,208.3,percent_gdp,current,,observed,A,NIGS_XGDP_PS,ADB,"https://kidb.adb.org/api/v5/sdmx/data/ADB,DF_NA/A.NGDP_XDC+NGDP_R_XDC+NGDPVA_ISIC4_C_XDC+NEGS_XGDP_PS+NIGS_XGDP_PS.VIE+THA+INO+MAL+SIN?startPeriod=2005&format=sdmx-csv",DF_NA.csv,362,,Singapore Department of Statistics,Calendar Year,
SGP,Singapore,imports_pct,Imports of goods and services,2009,A,167.3,percent_gdp,current,,observed,A,NIGS_XGDP_PS,ADB,"https://kidb.adb.org/api/v5/sdmx/data/ADB,DF_NA/A.NGDP_XDC+NGDP_R_XDC+NGDPVA_ISIC4_C_XDC+NEGS_XGDP_PS+NIGS_XGDP_PS.VIE+THA+INO+MAL+SIN?startPeriod=2005&format=sdmx-csv",DF_NA.csv,363,,Singapore Department of Statistics,Calendar Year,
SGP,Singapore,imports_pct,Imports of goods and services,2010,A,171.7,percent_gdp,current,,observed,A,NIGS_XGDP_PS,ADB,"https://kidb.adb.org/api/v5/sdmx/data/ADB,DF_NA/A.NGDP_XDC+NGDP_R_XDC+NGDPVA_ISIC4_C_XDC+NEGS_XGDP_PS+NIGS_XGDP_PS.VIE+THA+INO+MAL+SIN?startPeriod=2005&format=sdmx-csv",DF_NA.csv,364,,Singapore Department of Statistics,Calendar Year,
SGP,Singapore,imports_pct,Imports of goods and services,2011,A,175.8,percent_gdp,current,,observed,A,NIGS_XGDP_PS,ADB,"https://kidb.adb.org/api/v5/sdmx/data/ADB,DF_NA/A.NGDP_XDC+NGDP_R_XDC+NGDPVA_ISIC4_C_XDC+NEGS_XGDP_PS+NIGS_XGDP_PS.VIE+THA+INO+MAL+SIN?startPeriod=2005&format=sdmx-csv",DF_NA.csv,365,,Singapore Department of Statistics,Calendar Year,
SGP,Singapore,imports_pct,Imports of goods and services,2012,A,172.5,percent_gdp,current,,observed,A,NIGS_XGDP_PS,ADB,"https://kidb.adb.org/api/v5/sdmx/data/ADB,DF_NA/A.NGDP_XDC+NGDP_R_XDC+NGDPVA_ISIC4_C_XDC+NEGS_XGDP_PS+NIGS_XGDP_PS.VIE+THA+INO+MAL+SIN?startPeriod=2005&format=sdmx-csv",DF_NA.csv,366,,Singapore Department of Statistics,Calendar Year,
SGP,Singapore,imports_pct,Imports of goods and services,2013,A,172,percent_gdp,current,,observed,A,NIGS_XGDP_PS,ADB,"https://kidb.adb.org/api/v5/sdmx/data/ADB,DF_NA/A.NGDP_XDC+NGDP_R_XDC+NGDPVA_ISIC4_C_XDC+NEGS_XGDP_PS+NIGS_XGDP_PS.VIE+THA+INO+MAL+SIN?startPeriod=2005&format=sdmx-csv",DF_NA.csv,367,,Singapore Department of Statistics,Calendar Year,
SGP,Singapore,imports_pct,Imports of goods and services,2014,A,168.5,percent_gdp,current,,observed,A,NIGS_XGDP_PS,ADB,"https://kidb.adb.org/api/v5/sdmx/data/ADB,DF_NA/A.NGDP_XDC+NGDP_R_XDC+NGDPVA_ISIC4_C_XDC+NEGS_XGDP_PS+NIGS_XGDP_PS.VIE+THA+INO+MAL+SIN?startPeriod=2005&format=sdmx-csv",DF_NA.csv,368,,Singapore Department of Statistics,Calendar Year,
SGP,Singapore,imports_pct,Imports of goods and services,2015,A,151.1,percent_gdp,current,,observed,A,NIGS_XGDP_PS,ADB,"https://kidb.adb.org/api/v5/sdmx/data/ADB,DF_NA/A.NGDP_XDC+NGDP_R_XDC+NGDPVA_ISIC4_C_XDC+NEGS_XGDP_PS+NIGS_XGDP_PS.VIE+THA+INO+MAL+SIN?startPeriod=2005&format=sdmx-csv",DF_NA.csv,369,,Singapore Department of Statistics,Calendar Year,
SGP,Singapore,imports_pct,Imports of goods and services,2016,A,137.5,percent_gdp,current,,observed,A,NIGS_XGDP_PS,ADB,"https://kidb.adb.org/api/v5/sdmx/data/ADB,DF_NA/A.NGDP_XDC+NGDP_R_XDC+NGDPVA_ISIC4_C_XDC+NEGS_XGDP_PS+NIGS_XGDP_PS.VIE+THA+INO+MAL+SIN?startPeriod=2005&format=sdmx-csv",DF_NA.csv,370,,Singapore Department of Statistics,Calendar Year,
SGP,Singapore,imports_pct,Imports of goods and services,2017,A,144.4,percent_gdp,current,,observed,A,NIGS_XGDP_PS,ADB,"https://kidb.adb.org/api/v5/sdmx/data/ADB,DF_NA/A.NGDP_XDC+NGDP_R_XDC+NGDPVA_ISIC4_C_XDC+NEGS_XGDP_PS+NIGS_XGDP_PS.VIE+THA+INO+MAL+SIN?startPeriod=2005&format=sdmx-csv",DF_NA.csv,371,,Singapore Department of Statistics,Calendar Year,
SGP,Singapore,imports_pct,Imports of goods and services,2018,A,148,percent_gdp,current,,observed,A,NIGS_XGDP_PS,ADB,"https://kidb.adb.org/api/v5/sdmx/data/ADB,DF_NA/A.NGDP_XDC+NGDP_R_XDC+NGDPVA_ISIC4_C_XDC+NEGS_XGDP_PS+NIGS_XGDP_PS.VIE+THA+INO+MAL+SIN?startPeriod=2005&format=sdmx-csv",DF_NA.csv,372,,Singapore Department of Statistics,Calendar Year,
SGP,Singapore,imports_pct,Imports of goods and services,2019,A,147.5,percent_gdp,current,,observed,A,NIGS_XGDP_PS,ADB,"https://kidb.adb.org/api/v5/sdmx/data/ADB,DF_NA/A.NGDP_XDC+NGDP_R_XDC+NGDPVA_ISIC4_C_XDC+NEGS_XGDP_PS+NIGS_XGDP_PS.VIE+THA+INO+MAL+SIN?startPeriod=2005&format=sdmx-csv",DF_NA.csv,373,,Singapore Department of Statistics,Calendar Year,
SGP,Singapore,imports_pct,Imports of goods and services,2020,A,149.9,percent_gdp,current,,observed,A,NIGS_XGDP_PS,ADB,"https://kidb.adb.org/api/v5/sdmx/data/ADB,DF_NA/A.NGDP_XDC+NGDP_R_XDC+NGDPVA_ISIC4_C_XDC+NEGS_XGDP_PS+NIGS_XGDP_PS.VIE+THA+INO+MAL+SIN?startPeriod=2005&format=sdmx-csv",DF_NA.csv,374,,Singapore Department of Statistics,Calendar Year,
SGP,Singapore,imports_pct,Imports of goods and services,2021,A,145.4,percent_gdp,current,,observed,A,NIGS_XGDP_PS,ADB,"https://kidb.adb.org/api/v5/sdmx/data/ADB,DF_NA/A.NGDP_XDC+NGDP_R_XDC+NGDPVA_ISIC4_C_XDC+NEGS_XGDP_PS+NIGS_XGDP_PS.VIE+THA+INO+MAL+SIN?startPeriod=2005&format=sdmx-csv",DF_NA.csv,375,,Singapore Department of Statistics,Calendar Year,
SGP,Singapore,imports_pct,Imports of goods and services,2022,A,145.2,percent_gdp,current,,observed,A,NIGS_XGDP_PS,ADB,"https://kidb.adb.org/api/v5/sdmx/data/ADB,DF_NA/A.NGDP_XDC+NGDP_R_XDC+NGDPVA_ISIC4_C_XDC+NEGS_XGDP_PS+NIGS_XGDP_PS.VIE+THA+INO+MAL+SIN?startPeriod=2005&format=sdmx-csv",DF_NA.csv,376,,Singapore Department of Statistics,Calendar Year,
SGP,Singapore,imports_pct,Imports of goods and services,2023,A,143.3,percent_gdp,current,,observed,A,NIGS_XGDP_PS,ADB,"https://kidb.adb.org/api/v5/sdmx/data/ADB,DF_NA/A.NGDP_XDC+NGDP_R_XDC+NGDPVA_ISIC4_C_XDC+NEGS_XGDP_PS+NIGS_XGDP_PS.VIE+THA+INO+MAL+SIN?startPeriod=2005&format=sdmx-csv",DF_NA.csv,377,,Singapore Department of Statistics,Calendar Year,
SGP,Singapore,imports_pct,Imports of goods and services,2024,A,138.6,percent_gdp,current,,observed,A,NIGS_XGDP_PS,ADB,"https://kidb.adb.org/api/v5/sdmx/data/ADB,DF_NA/A.NGDP_XDC+NGDP_R_XDC+NGDPVA_ISIC4_C_XDC+NEGS_XGDP_PS+NIGS_XGDP_PS.VIE+THA+INO+MAL+SIN?startPeriod=2005&format=sdmx-csv",DF_NA.csv,378,,Singapore Department of Statistics,Calendar Year,
SGP,Singapore,imports_pct,Imports of goods and services,2025,A,142.5,percent_gdp,current,,observed,A,NIGS_XGDP_PS,ADB,"https://kidb.adb.org/api/v5/sdmx/data/ADB,DF_NA/A.NGDP_XDC+NGDP_R_XDC+NGDPVA_ISIC4_C_XDC+NEGS_XGDP_PS+NIGS_XGDP_PS.VIE+THA+INO+MAL+SIN?startPeriod=2005&format=sdmx-csv",DF_NA.csv,379,,Singapore Department of Statistics,Calendar Year,
SGP,Singapore,manufacturing_lcu,Manufacturing at current prices,2005,A,57598500000,SGD,current,,observed,A,NGDPVA_ISIC4_C_XDC,ADB,"https://kidb.adb.org/api/v5/sdmx/data/ADB,DF_NA/A.NGDP_XDC+NGDP_R_XDC+NGDPVA_ISIC4_C_XDC+NEGS_XGDP_PS+NIGS_XGDP_PS.VIE+THA+INO+MAL+SIN?startPeriod=2005&format=sdmx-csv",DF_NA.csv,149,,Singapore Department of Statistics,Calendar Year,
SGP,Singapore,manufacturing_lcu,Manufacturing at current prices,2006,A,62766300000,SGD,current,,observed,A,NGDPVA_ISIC4_C_XDC,ADB,"https://kidb.adb.org/api/v5/sdmx/data/ADB,DF_NA/A.NGDP_XDC+NGDP_R_XDC+NGDPVA_ISIC4_C_XDC+NEGS_XGDP_PS+NIGS_XGDP_PS.VIE+THA+INO+MAL+SIN?startPeriod=2005&format=sdmx-csv",DF_NA.csv,150,,Singapore Department of Statistics,Calendar Year,
SGP,Singapore,manufacturing_lcu,Manufacturing at current prices,2007,A,64963800000,SGD,current,,observed,A,NGDPVA_ISIC4_C_XDC,ADB,"https://kidb.adb.org/api/v5/sdmx/data/ADB,DF_NA/A.NGDP_XDC+NGDP_R_XDC+NGDPVA_ISIC4_C_XDC+NEGS_XGDP_PS+NIGS_XGDP_PS.VIE+THA+INO+MAL+SIN?startPeriod=2005&format=sdmx-csv",DF_NA.csv,151,,Singapore Department of Statistics,Calendar Year,
SGP,Singapore,manufacturing_lcu,Manufacturing at current prices,2008,A,56392700000,SGD,current,,observed,A,NGDPVA_ISIC4_C_XDC,ADB,"https://kidb.adb.org/api/v5/sdmx/data/ADB,DF_NA/A.NGDP_XDC+NGDP_R_XDC+NGDPVA_ISIC4_C_XDC+NEGS_XGDP_PS+NIGS_XGDP_PS.VIE+THA+INO+MAL+SIN?startPeriod=2005&format=sdmx-csv",DF_NA.csv,152,,Singapore Department of Statistics,Calendar Year,
SGP,Singapore,manufacturing_lcu,Manufacturing at current prices,2009,A,57250900000,SGD,current,,observed,A,NGDPVA_ISIC4_C_XDC,ADB,"https://kidb.adb.org/api/v5/sdmx/data/ADB,DF_NA/A.NGDP_XDC+NGDP_R_XDC+NGDPVA_ISIC4_C_XDC+NEGS_XGDP_PS+NIGS_XGDP_PS.VIE+THA+INO+MAL+SIN?startPeriod=2005&format=sdmx-csv",DF_NA.csv,153,,Singapore Department of Statistics,Calendar Year,
SGP,Singapore,manufacturing_lcu,Manufacturing at current prices,2010,A,67926300000,SGD,current,,observed,A,NGDPVA_ISIC4_C_XDC,ADB,"https://kidb.adb.org/api/v5/sdmx/data/ADB,DF_NA/A.NGDP_XDC+NGDP_R_XDC+NGDPVA_ISIC4_C_XDC+NEGS_XGDP_PS+NIGS_XGDP_PS.VIE+THA+INO+MAL+SIN?startPeriod=2005&format=sdmx-csv",DF_NA.csv,154,,Singapore Department of Statistics,Calendar Year,
SGP,Singapore,manufacturing_lcu,Manufacturing at current prices,2011,A,68806800000,SGD,current,,observed,A,NGDPVA_ISIC4_C_XDC,ADB,"https://kidb.adb.org/api/v5/sdmx/data/ADB,DF_NA/A.NGDP_XDC+NGDP_R_XDC+NGDPVA_ISIC4_C_XDC+NEGS_XGDP_PS+NIGS_XGDP_PS.VIE+THA+INO+MAL+SIN?startPeriod=2005&format=sdmx-csv",DF_NA.csv,155,,Singapore Department of Statistics,Calendar Year,
SGP,Singapore,manufacturing_lcu,Manufacturing at current prices,2012,A,70497200000,SGD,current,,observed,A,NGDPVA_ISIC4_C_XDC,ADB,"https://kidb.adb.org/api/v5/sdmx/data/ADB,DF_NA/A.NGDP_XDC+NGDP_R_XDC+NGDPVA_ISIC4_C_XDC+NEGS_XGDP_PS+NIGS_XGDP_PS.VIE+THA+INO+MAL+SIN?startPeriod=2005&format=sdmx-csv",DF_NA.csv,156,,Singapore Department of Statistics,Calendar Year,
SGP,Singapore,manufacturing_lcu,Manufacturing at current prices,2013,A,67885000000,SGD,current,,observed,A,NGDPVA_ISIC4_C_XDC,ADB,"https://kidb.adb.org/api/v5/sdmx/data/ADB,DF_NA/A.NGDP_XDC+NGDP_R_XDC+NGDPVA_ISIC4_C_XDC+NEGS_XGDP_PS+NIGS_XGDP_PS.VIE+THA+INO+MAL+SIN?startPeriod=2005&format=sdmx-csv",DF_NA.csv,157,,Singapore Department of Statistics,Calendar Year,
SGP,Singapore,manufacturing_lcu,Manufacturing at current prices,2014,A,71809700000,SGD,current,,observed,A,NGDPVA_ISIC4_C_XDC,ADB,"https://kidb.adb.org/api/v5/sdmx/data/ADB,DF_NA/A.NGDP_XDC+NGDP_R_XDC+NGDPVA_ISIC4_C_XDC+NEGS_XGDP_PS+NIGS_XGDP_PS.VIE+THA+INO+MAL+SIN?startPeriod=2005&format=sdmx-csv",DF_NA.csv,158,,Singapore Department of Statistics,Calendar Year,
SGP,Singapore,manufacturing_lcu,Manufacturing at current prices,2015,A,76598200000,SGD,current,,observed,A,NGDPVA_ISIC4_C_XDC,ADB,"https://kidb.adb.org/api/v5/sdmx/data/ADB,DF_NA/A.NGDP_XDC+NGDP_R_XDC+NGDPVA_ISIC4_C_XDC+NEGS_XGDP_PS+NIGS_XGDP_PS.VIE+THA+INO+MAL+SIN?startPeriod=2005&format=sdmx-csv",DF_NA.csv,159,,Singapore Department of Statistics,Calendar Year,
SGP,Singapore,manufacturing_lcu,Manufacturing at current prices,2016,A,76973500000,SGD,current,,observed,A,NGDPVA_ISIC4_C_XDC,ADB,"https://kidb.adb.org/api/v5/sdmx/data/ADB,DF_NA/A.NGDP_XDC+NGDP_R_XDC+NGDPVA_ISIC4_C_XDC+NEGS_XGDP_PS+NIGS_XGDP_PS.VIE+THA+INO+MAL+SIN?startPeriod=2005&format=sdmx-csv",DF_NA.csv,160,,Singapore Department of Statistics,Calendar Year,
SGP,Singapore,manufacturing_lcu,Manufacturing at current prices,2017,A,87981700000,SGD,current,,observed,A,NGDPVA_ISIC4_C_XDC,ADB,"https://kidb.adb.org/api/v5/sdmx/data/ADB,DF_NA/A.NGDP_XDC+NGDP_R_XDC+NGDPVA_ISIC4_C_XDC+NEGS_XGDP_PS+NIGS_XGDP_PS.VIE+THA+INO+MAL+SIN?startPeriod=2005&format=sdmx-csv",DF_NA.csv,161,,Singapore Department of Statistics,Calendar Year,
SGP,Singapore,manufacturing_lcu,Manufacturing at current prices,2018,A,105098400000,SGD,current,,observed,A,NGDPVA_ISIC4_C_XDC,ADB,"https://kidb.adb.org/api/v5/sdmx/data/ADB,DF_NA/A.NGDP_XDC+NGDP_R_XDC+NGDPVA_ISIC4_C_XDC+NEGS_XGDP_PS+NIGS_XGDP_PS.VIE+THA+INO+MAL+SIN?startPeriod=2005&format=sdmx-csv",DF_NA.csv,162,,Singapore Department of Statistics,Calendar Year,
SGP,Singapore,manufacturing_lcu,Manufacturing at current prices,2019,A,99246700000,SGD,current,,observed,A,NGDPVA_ISIC4_C_XDC,ADB,"https://kidb.adb.org/api/v5/sdmx/data/ADB,DF_NA/A.NGDP_XDC+NGDP_R_XDC+NGDPVA_ISIC4_C_XDC+NEGS_XGDP_PS+NIGS_XGDP_PS.VIE+THA+INO+MAL+SIN?startPeriod=2005&format=sdmx-csv",DF_NA.csv,163,,Singapore Department of Statistics,Calendar Year,
SGP,Singapore,manufacturing_lcu,Manufacturing at current prices,2020,A,95263900000,SGD,current,,observed,A,NGDPVA_ISIC4_C_XDC,ADB,"https://kidb.adb.org/api/v5/sdmx/data/ADB,DF_NA/A.NGDP_XDC+NGDP_R_XDC+NGDPVA_ISIC4_C_XDC+NEGS_XGDP_PS+NIGS_XGDP_PS.VIE+THA+INO+MAL+SIN?startPeriod=2005&format=sdmx-csv",DF_NA.csv,164,,Singapore Department of Statistics,Calendar Year,
SGP,Singapore,manufacturing_lcu,Manufacturing at current prices,2021,A,122149200000,SGD,current,,observed,A,NGDPVA_ISIC4_C_XDC,ADB,"https://kidb.adb.org/api/v5/sdmx/data/ADB,DF_NA/A.NGDP_XDC+NGDP_R_XDC+NGDPVA_ISIC4_C_XDC+NEGS_XGDP_PS+NIGS_XGDP_PS.VIE+THA+INO+MAL+SIN?startPeriod=2005&format=sdmx-csv",DF_NA.csv,165,,Singapore Department of Statistics,Calendar Year,
SGP,Singapore,manufacturing_lcu,Manufacturing at current prices,2022,A,139656100000,SGD,current,,observed,A,NGDPVA_ISIC4_C_XDC,ADB,"https://kidb.adb.org/api/v5/sdmx/data/ADB,DF_NA/A.NGDP_XDC+NGDP_R_XDC+NGDPVA_ISIC4_C_XDC+NEGS_XGDP_PS+NIGS_XGDP_PS.VIE+THA+INO+MAL+SIN?startPeriod=2005&format=sdmx-csv",DF_NA.csv,166,,Singapore Department of Statistics,Calendar Year,
SGP,Singapore,manufacturing_lcu,Manufacturing at current prices,2023,A,114847600000,SGD,current,,observed,A,NGDPVA_ISIC4_C_XDC,ADB,"https://kidb.adb.org/api/v5/sdmx/data/ADB,DF_NA/A.NGDP_XDC+NGDP_R_XDC+NGDPVA_ISIC4_C_XDC+NEGS_XGDP_PS+NIGS_XGDP_PS.VIE+THA+INO+MAL+SIN?startPeriod=2005&format=sdmx-csv",DF_NA.csv,167,,Singapore Department of Statistics,Calendar Year,
SGP,Singapore,manufacturing_lcu,Manufacturing at current prices,2024,A,124455300000,SGD,current,,observed,A,NGDPVA_ISIC4_C_XDC,ADB,"https://kidb.adb.org/api/v5/sdmx/data/ADB,DF_NA/A.NGDP_XDC+NGDP_R_XDC+NGDPVA_ISIC4_C_XDC+NEGS_XGDP_PS+NIGS_XGDP_PS.VIE+THA+INO+MAL+SIN?startPeriod=2005&format=sdmx-csv",DF_NA.csv,168,,Singapore Department of Statistics,Calendar Year,
SGP,Singapore,manufacturing_lcu,Manufacturing at current prices,2025,A,137611700000,SGD,current,,observed,A,NGDPVA_ISIC4_C_XDC,ADB,"https://kidb.adb.org/api/v5/sdmx/data/ADB,DF_NA/A.NGDP_XDC+NGDP_R_XDC+NGDPVA_ISIC4_C_XDC+NEGS_XGDP_PS+NIGS_XGDP_PS.VIE+THA+INO+MAL+SIN?startPeriod=2005&format=sdmx-csv",DF_NA.csv,169,,Singapore Department of Statistics,Calendar Year,
SGP,Singapore,nominal_gdp_lcu,GDP at current prices,2005,A,212723000000,SGD,current,,observed,A,NGDP_XDC,ADB,"https://kidb.adb.org/api/v5/sdmx/data/ADB,DF_NA/A.NGDP_XDC+NGDP_R_XDC+NGDPVA_ISIC4_C_XDC+NEGS_XGDP_PS+NIGS_XGDP_PS.VIE+THA+INO+MAL+SIN?startPeriod=2005&format=sdmx-csv",DF_NA.csv,44,,Singapore Department of Statistics,Calendar Year,
SGP,Singapore,nominal_gdp_lcu,GDP at current prices,2006,A,236158800000,SGD,current,,observed,A,NGDP_XDC,ADB,"https://kidb.adb.org/api/v5/sdmx/data/ADB,DF_NA/A.NGDP_XDC+NGDP_R_XDC+NGDPVA_ISIC4_C_XDC+NEGS_XGDP_PS+NIGS_XGDP_PS.VIE+THA+INO+MAL+SIN?startPeriod=2005&format=sdmx-csv",DF_NA.csv,45,,Singapore Department of Statistics,Calendar Year,
SGP,Singapore,nominal_gdp_lcu,GDP at current prices,2007,A,272697600000,SGD,current,,observed,A,NGDP_XDC,ADB,"https://kidb.adb.org/api/v5/sdmx/data/ADB,DF_NA/A.NGDP_XDC+NGDP_R_XDC+NGDPVA_ISIC4_C_XDC+NEGS_XGDP_PS+NIGS_XGDP_PS.VIE+THA+INO+MAL+SIN?startPeriod=2005&format=sdmx-csv",DF_NA.csv,46,,Singapore Department of Statistics,Calendar Year,
SGP,Singapore,nominal_gdp_lcu,GDP at current prices,2008,A,273941600000,SGD,current,,observed,A,NGDP_XDC,ADB,"https://kidb.adb.org/api/v5/sdmx/data/ADB,DF_NA/A.NGDP_XDC+NGDP_R_XDC+NGDPVA_ISIC4_C_XDC+NEGS_XGDP_PS+NIGS_XGDP_PS.VIE+THA+INO+MAL+SIN?startPeriod=2005&format=sdmx-csv",DF_NA.csv,47,,Singapore Department of Statistics,Calendar Year,
SGP,Singapore,nominal_gdp_lcu,GDP at current prices,2009,A,282394500000,SGD,current,,observed,A,NGDP_XDC,ADB,"https://kidb.adb.org/api/v5/sdmx/data/ADB,DF_NA/A.NGDP_XDC+NGDP_R_XDC+NGDPVA_ISIC4_C_XDC+NEGS_XGDP_PS+NIGS_XGDP_PS.VIE+THA+INO+MAL+SIN?startPeriod=2005&format=sdmx-csv",DF_NA.csv,48,,Singapore Department of Statistics,Calendar Year,
SGP,Singapore,nominal_gdp_lcu,GDP at current prices,2010,A,326980100000,SGD,current,,observed,A,NGDP_XDC,ADB,"https://kidb.adb.org/api/v5/sdmx/data/ADB,DF_NA/A.NGDP_XDC+NGDP_R_XDC+NGDPVA_ISIC4_C_XDC+NEGS_XGDP_PS+NIGS_XGDP_PS.VIE+THA+INO+MAL+SIN?startPeriod=2005&format=sdmx-csv",DF_NA.csv,49,,Singapore Department of Statistics,Calendar Year,
SGP,Singapore,nominal_gdp_lcu,GDP at current prices,2011,A,351367900000,SGD,current,,observed,A,NGDP_XDC,ADB,"https://kidb.adb.org/api/v5/sdmx/data/ADB,DF_NA/A.NGDP_XDC+NGDP_R_XDC+NGDPVA_ISIC4_C_XDC+NEGS_XGDP_PS+NIGS_XGDP_PS.VIE+THA+INO+MAL+SIN?startPeriod=2005&format=sdmx-csv",DF_NA.csv,50,,Singapore Department of Statistics,Calendar Year,
SGP,Singapore,nominal_gdp_lcu,GDP at current prices,2012,A,368770500000,SGD,current,,observed,A,NGDP_XDC,ADB,"https://kidb.adb.org/api/v5/sdmx/data/ADB,DF_NA/A.NGDP_XDC+NGDP_R_XDC+NGDPVA_ISIC4_C_XDC+NEGS_XGDP_PS+NIGS_XGDP_PS.VIE+THA+INO+MAL+SIN?startPeriod=2005&format=sdmx-csv",DF_NA.csv,51,,Singapore Department of Statistics,Calendar Year,
SGP,Singapore,nominal_gdp_lcu,GDP at current prices,2013,A,384870300000,SGD,current,,observed,A,NGDP_XDC,ADB,"https://kidb.adb.org/api/v5/sdmx/data/ADB,DF_NA/A.NGDP_XDC+NGDP_R_XDC+NGDPVA_ISIC4_C_XDC+NEGS_XGDP_PS+NIGS_XGDP_PS.VIE+THA+INO+MAL+SIN?startPeriod=2005&format=sdmx-csv",DF_NA.csv,52,,Singapore Department of Statistics,Calendar Year,
SGP,Singapore,nominal_gdp_lcu,GDP at current prices,2014,A,398947900000,SGD,current,,observed,A,NGDP_XDC,ADB,"https://kidb.adb.org/api/v5/sdmx/data/ADB,DF_NA/A.NGDP_XDC+NGDP_R_XDC+NGDPVA_ISIC4_C_XDC+NEGS_XGDP_PS+NIGS_XGDP_PS.VIE+THA+INO+MAL+SIN?startPeriod=2005&format=sdmx-csv",DF_NA.csv,53,,Singapore Department of Statistics,Calendar Year,
SGP,Singapore,nominal_gdp_lcu,GDP at current prices,2015,A,423444100000,SGD,current,,observed,A,NGDP_XDC,ADB,"https://kidb.adb.org/api/v5/sdmx/data/ADB,DF_NA/A.NGDP_XDC+NGDP_R_XDC+NGDPVA_ISIC4_C_XDC+NEGS_XGDP_PS+NIGS_XGDP_PS.VIE+THA+INO+MAL+SIN?startPeriod=2005&format=sdmx-csv",DF_NA.csv,54,,Singapore Department of Statistics,Calendar Year,
SGP,Singapore,nominal_gdp_lcu,GDP at current prices,2016,A,443143600000,SGD,current,,observed,A,NGDP_XDC,ADB,"https://kidb.adb.org/api/v5/sdmx/data/ADB,DF_NA/A.NGDP_XDC+NGDP_R_XDC+NGDPVA_ISIC4_C_XDC+NEGS_XGDP_PS+NIGS_XGDP_PS.VIE+THA+INO+MAL+SIN?startPeriod=2005&format=sdmx-csv",DF_NA.csv,55,,Singapore Department of Statistics,Calendar Year,
SGP,Singapore,nominal_gdp_lcu,GDP at current prices,2017,A,476136200000,SGD,current,,observed,A,NGDP_XDC,ADB,"https://kidb.adb.org/api/v5/sdmx/data/ADB,DF_NA/A.NGDP_XDC+NGDP_R_XDC+NGDPVA_ISIC4_C_XDC+NEGS_XGDP_PS+NIGS_XGDP_PS.VIE+THA+INO+MAL+SIN?startPeriod=2005&format=sdmx-csv",DF_NA.csv,56,,Singapore Department of Statistics,Calendar Year,
SGP,Singapore,nominal_gdp_lcu,GDP at current prices,2018,A,509830400000,SGD,current,,observed,A,NGDP_XDC,ADB,"https://kidb.adb.org/api/v5/sdmx/data/ADB,DF_NA/A.NGDP_XDC+NGDP_R_XDC+NGDPVA_ISIC4_C_XDC+NEGS_XGDP_PS+NIGS_XGDP_PS.VIE+THA+INO+MAL+SIN?startPeriod=2005&format=sdmx-csv",DF_NA.csv,57,,Singapore Department of Statistics,Calendar Year,
SGP,Singapore,nominal_gdp_lcu,GDP at current prices,2019,A,514052100000,SGD,current,,observed,A,NGDP_XDC,ADB,"https://kidb.adb.org/api/v5/sdmx/data/ADB,DF_NA/A.NGDP_XDC+NGDP_R_XDC+NGDPVA_ISIC4_C_XDC+NEGS_XGDP_PS+NIGS_XGDP_PS.VIE+THA+INO+MAL+SIN?startPeriod=2005&format=sdmx-csv",DF_NA.csv,58,,Singapore Department of Statistics,Calendar Year,
SGP,Singapore,nominal_gdp_lcu,GDP at current prices,2020,A,484602000000,SGD,current,,observed,A,NGDP_XDC,ADB,"https://kidb.adb.org/api/v5/sdmx/data/ADB,DF_NA/A.NGDP_XDC+NGDP_R_XDC+NGDPVA_ISIC4_C_XDC+NEGS_XGDP_PS+NIGS_XGDP_PS.VIE+THA+INO+MAL+SIN?startPeriod=2005&format=sdmx-csv",DF_NA.csv,59,,Singapore Department of Statistics,Calendar Year,
SGP,Singapore,nominal_gdp_lcu,GDP at current prices,2021,A,592625000000,SGD,current,,observed,A,NGDP_XDC,ADB,"https://kidb.adb.org/api/v5/sdmx/data/ADB,DF_NA/A.NGDP_XDC+NGDP_R_XDC+NGDPVA_ISIC4_C_XDC+NEGS_XGDP_PS+NIGS_XGDP_PS.VIE+THA+INO+MAL+SIN?startPeriod=2005&format=sdmx-csv",DF_NA.csv,60,,Singapore Department of Statistics,Calendar Year,
SGP,Singapore,nominal_gdp_lcu,GDP at current prices,2022,A,708983000000,SGD,current,,observed,A,NGDP_XDC,ADB,"https://kidb.adb.org/api/v5/sdmx/data/ADB,DF_NA/A.NGDP_XDC+NGDP_R_XDC+NGDPVA_ISIC4_C_XDC+NEGS_XGDP_PS+NIGS_XGDP_PS.VIE+THA+INO+MAL+SIN?startPeriod=2005&format=sdmx-csv",DF_NA.csv,61,,Singapore Department of Statistics,Calendar Year,
SGP,Singapore,nominal_gdp_lcu,GDP at current prices,2023,A,686398000000,SGD,current,,observed,A,NGDP_XDC,ADB,"https://kidb.adb.org/api/v5/sdmx/data/ADB,DF_NA/A.NGDP_XDC+NGDP_R_XDC+NGDPVA_ISIC4_C_XDC+NEGS_XGDP_PS+NIGS_XGDP_PS.VIE+THA+INO+MAL+SIN?startPeriod=2005&format=sdmx-csv",DF_NA.csv,62,,Singapore Department of Statistics,Calendar Year,
SGP,Singapore,nominal_gdp_lcu,GDP at current prices,2024,A,765497500000,SGD,current,,observed,A,NGDP_XDC,ADB,"https://kidb.adb.org/api/v5/sdmx/data/ADB,DF_NA/A.NGDP_XDC+NGDP_R_XDC+NGDPVA_ISIC4_C_XDC+NEGS_XGDP_PS+NIGS_XGDP_PS.VIE+THA+INO+MAL+SIN?startPeriod=2005&format=sdmx-csv",DF_NA.csv,63,,Singapore Department of Statistics,Calendar Year,
SGP,Singapore,nominal_gdp_lcu,GDP at current prices,2025,A,789529200000,SGD,current,,observed,A,NGDP_XDC,ADB,"https://kidb.adb.org/api/v5/sdmx/data/ADB,DF_NA/A.NGDP_XDC+NGDP_R_XDC+NGDPVA_ISIC4_C_XDC+NEGS_XGDP_PS+NIGS_XGDP_PS.VIE+THA+INO+MAL+SIN?startPeriod=2005&format=sdmx-csv",DF_NA.csv,64,,Singapore Department of Statistics,Calendar Year,
SGP,Singapore,reserves_months,Total reserves in months of imports,2005,A,4.93299643486,months,not_applicable,,unknown,,FI.RES.TOTL.MO,World Bank WDI,https://api.worldbank.org/v2/country/VNM;THA;IDN;MYS;SGP/indicator/FI.RES.TOTL.MO?format=json&per_page=20000&date=2005:2026,wb_reserves.json,,,WDI,,
SGP,Singapore,reserves_months,Total reserves in months of imports,2006,A,4.90075591105,months,not_applicable,,unknown,,FI.RES.TOTL.MO,World Bank WDI,https://api.worldbank.org/v2/country/VNM;THA;IDN;MYS;SGP/indicator/FI.RES.TOTL.MO?format=json&per_page=20000&date=2005:2026,wb_reserves.json,,,WDI,,
SGP,Singapore,reserves_months,Total reserves in months of imports,2007,A,5.08024174952,months,not_applicable,,unknown,,FI.RES.TOTL.MO,World Bank WDI,https://api.worldbank.org/v2/country/VNM;THA;IDN;MYS;SGP/indicator/FI.RES.TOTL.MO?format=json&per_page=20000&date=2005:2026,wb_reserves.json,,,WDI,,
SGP,Singapore,reserves_months,Total reserves in months of imports,2008,A,4.6316292191,months,not_applicable,,unknown,,FI.RES.TOTL.MO,World Bank WDI,https://api.worldbank.org/v2/country/VNM;THA;IDN;MYS;SGP/indicator/FI.RES.TOTL.MO?format=json&per_page=20000&date=2005:2026,wb_reserves.json,,,WDI,,
SGP,Singapore,reserves_months,Total reserves in months of imports,2009,A,6.00113380621,months,not_applicable,,unknown,,FI.RES.TOTL.MO,World Bank WDI,https://api.worldbank.org/v2/country/VNM;THA;IDN;MYS;SGP/indicator/FI.RES.TOTL.MO?format=json&per_page=20000&date=2005:2026,wb_reserves.json,,,WDI,,
SGP,Singapore,reserves_months,Total reserves in months of imports,2010,A,5.80777340275,months,not_applicable,,unknown,,FI.RES.TOTL.MO,World Bank WDI,https://api.worldbank.org/v2/country/VNM;THA;IDN;MYS;SGP/indicator/FI.RES.TOTL.MO?format=json&per_page=20000&date=2005:2026,wb_reserves.json,,,WDI,,
SGP,Singapore,reserves_months,Total reserves in months of imports,2011,A,5.16536886203,months,not_applicable,,unknown,,FI.RES.TOTL.MO,World Bank WDI,https://api.worldbank.org/v2/country/VNM;THA;IDN;MYS;SGP/indicator/FI.RES.TOTL.MO?format=json&per_page=20000&date=2005:2026,wb_reserves.json,,,WDI,,
SGP,Singapore,reserves_months,Total reserves in months of imports,2012,A,5.43623357527,months,not_applicable,,unknown,,FI.RES.TOTL.MO,World Bank WDI,https://api.worldbank.org/v2/country/VNM;THA;IDN;MYS;SGP/indicator/FI.RES.TOTL.MO?format=json&per_page=20000&date=2005:2026,wb_reserves.json,,,WDI,,
SGP,Singapore,reserves_months,Total reserves in months of imports,2013,A,5.43683101786,months,not_applicable,,unknown,,FI.RES.TOTL.MO,World Bank WDI,https://api.worldbank.org/v2/country/VNM;THA;IDN;MYS;SGP/indicator/FI.RES.TOTL.MO?format=json&per_page=20000&date=2005:2026,wb_reserves.json,,,WDI,,
SGP,Singapore,reserves_months,Total reserves in months of imports,2014,A,5.12342361689,months,not_applicable,,unknown,,FI.RES.TOTL.MO,World Bank WDI,https://api.worldbank.org/v2/country/VNM;THA;IDN;MYS;SGP/indicator/FI.RES.TOTL.MO?format=json&per_page=20000&date=2005:2026,wb_reserves.json,,,WDI,,
SGP,Singapore,reserves_months,Total reserves in months of imports,2015,A,5.4163075348,months,not_applicable,,unknown,,FI.RES.TOTL.MO,World Bank WDI,https://api.worldbank.org/v2/country/VNM;THA;IDN;MYS;SGP/indicator/FI.RES.TOTL.MO?format=json&per_page=20000&date=2005:2026,wb_reserves.json,,,WDI,,
SGP,Singapore,reserves_months,Total reserves in months of imports,2016,A,5.5906927125,months,not_applicable,,unknown,,FI.RES.TOTL.MO,World Bank WDI,https://api.worldbank.org/v2/country/VNM;THA;IDN;MYS;SGP/indicator/FI.RES.TOTL.MO?format=json&per_page=20000&date=2005:2026,wb_reserves.json,,,WDI,,
SGP,Singapore,reserves_months,Total reserves in months of imports,2017,A,5.48780927285,months,not_applicable,,unknown,,FI.RES.TOTL.MO,World Bank WDI,https://api.worldbank.org/v2/country/VNM;THA;IDN;MYS;SGP/indicator/FI.RES.TOTL.MO?format=json&per_page=20000&date=2005:2026,wb_reserves.json,,,WDI,,
SGP,Singapore,reserves_months,Total reserves in months of imports,2018,A,4.90921841873,months,not_applicable,,unknown,,FI.RES.TOTL.MO,World Bank WDI,https://api.worldbank.org/v2/country/VNM;THA;IDN;MYS;SGP/indicator/FI.RES.TOTL.MO?format=json&per_page=20000&date=2005:2026,wb_reserves.json,,,WDI,,
SGP,Singapore,reserves_months,Total reserves in months of imports,2019,A,4.79837409854,months,not_applicable,,unknown,,FI.RES.TOTL.MO,World Bank WDI,https://api.worldbank.org/v2/country/VNM;THA;IDN;MYS;SGP/indicator/FI.RES.TOTL.MO?format=json&per_page=20000&date=2005:2026,wb_reserves.json,,,WDI,,
SGP,Singapore,reserves_months,Total reserves in months of imports,2020,A,6.5266318785,months,not_applicable,,unknown,,FI.RES.TOTL.MO,World Bank WDI,https://api.worldbank.org/v2/country/VNM;THA;IDN;MYS;SGP/indicator/FI.RES.TOTL.MO?format=json&per_page=20000&date=2005:2026,wb_reserves.json,,,WDI,,
SGP,Singapore,reserves_months,Total reserves in months of imports,2021,A,5.86539457354,months,not_applicable,,unknown,,FI.RES.TOTL.MO,World Bank WDI,https://api.worldbank.org/v2/country/VNM;THA;IDN;MYS;SGP/indicator/FI.RES.TOTL.MO?format=json&per_page=20000&date=2005:2026,wb_reserves.json,,,WDI,,
SGP,Singapore,reserves_months,Total reserves in months of imports,2022,A,3.52234707372,months,not_applicable,,unknown,,FI.RES.TOTL.MO,World Bank WDI,https://api.worldbank.org/v2/country/VNM;THA;IDN;MYS;SGP/indicator/FI.RES.TOTL.MO?format=json&per_page=20000&date=2005:2026,wb_reserves.json,,,WDI,,
SGP,Singapore,reserves_months,Total reserves in months of imports,2023,A,4.31234700367,months,not_applicable,,unknown,,FI.RES.TOTL.MO,World Bank WDI,https://api.worldbank.org/v2/country/VNM;THA;IDN;MYS;SGP/indicator/FI.RES.TOTL.MO?format=json&per_page=20000&date=2005:2026,wb_reserves.json,,,WDI,,
SGP,Singapore,reserves_months,Total reserves in months of imports,2024,A,4.18192840499,months,not_applicable,,unknown,,FI.RES.TOTL.MO,World Bank WDI,https://api.worldbank.org/v2/country/VNM;THA;IDN;MYS;SGP/indicator/FI.RES.TOTL.MO?format=json&per_page=20000&date=2005:2026,wb_reserves.json,,,WDI,,
SGP,Singapore,reserves_months,Total reserves in months of imports,2025,A,4.38779137884,months,not_applicable,,unknown,,FI.RES.TOTL.MO,World Bank WDI,https://api.worldbank.org/v2/country/VNM;THA;IDN;MYS;SGP/indicator/FI.RES.TOTL.MO?format=json&per_page=20000&date=2005:2026,wb_reserves.json,,,WDI,,
THA,Thailand,current_account_pct,Current account balance,2005,A,-4.036484404,percent_gdp,current,,observed,A,BCA_BP6_XGDP_PS,ADB,"https://kidb.adb.org/api/v5/sdmx/data/ADB,DF_GLOB_BOP/A.BCA_BP6_XGDP_PS.VIE+THA+INO+MAL+SIN?startPeriod=2005&format=sdmx-csv",DF_GLOB_BOP.csv,65,,Bank of Thailand,Calendar Year,
THA,Thailand,current_account_pct,Current account balance,2006,A,1.043798238,percent_gdp,current,,observed,A,BCA_BP6_XGDP_PS,ADB,"https://kidb.adb.org/api/v5/sdmx/data/ADB,DF_GLOB_BOP/A.BCA_BP6_XGDP_PS.VIE+THA+INO+MAL+SIN?startPeriod=2005&format=sdmx-csv",DF_GLOB_BOP.csv,66,,Bank of Thailand,Calendar Year,
THA,Thailand,current_account_pct,Current account balance,2007,A,5.926671871,percent_gdp,current,,observed,A,BCA_BP6_XGDP_PS,ADB,"https://kidb.adb.org/api/v5/sdmx/data/ADB,DF_GLOB_BOP/A.BCA_BP6_XGDP_PS.VIE+THA+INO+MAL+SIN?startPeriod=2005&format=sdmx-csv",DF_GLOB_BOP.csv,67,,Bank of Thailand,Calendar Year,
THA,Thailand,current_account_pct,Current account balance,2008,A,0.319479876,percent_gdp,current,,observed,A,BCA_BP6_XGDP_PS,ADB,"https://kidb.adb.org/api/v5/sdmx/data/ADB,DF_GLOB_BOP/A.BCA_BP6_XGDP_PS.VIE+THA+INO+MAL+SIN?startPeriod=2005&format=sdmx-csv",DF_GLOB_BOP.csv,68,,Bank of Thailand,Calendar Year,
THA,Thailand,current_account_pct,Current account balance,2009,A,7.876560056,percent_gdp,current,,observed,A,BCA_BP6_XGDP_PS,ADB,"https://kidb.adb.org/api/v5/sdmx/data/ADB,DF_GLOB_BOP/A.BCA_BP6_XGDP_PS.VIE+THA+INO+MAL+SIN?startPeriod=2005&format=sdmx-csv",DF_GLOB_BOP.csv,69,,Bank of Thailand,Calendar Year,
THA,Thailand,current_account_pct,Current account balance,2010,A,3.367318291,percent_gdp,current,,observed,A,BCA_BP6_XGDP_PS,ADB,"https://kidb.adb.org/api/v5/sdmx/data/ADB,DF_GLOB_BOP/A.BCA_BP6_XGDP_PS.VIE+THA+INO+MAL+SIN?startPeriod=2005&format=sdmx-csv",DF_GLOB_BOP.csv,70,,Bank of Thailand,Calendar Year,
THA,Thailand,current_account_pct,Current account balance,2011,A,2.542171757,percent_gdp,current,,observed,A,BCA_BP6_XGDP_PS,ADB,"https://kidb.adb.org/api/v5/sdmx/data/ADB,DF_GLOB_BOP/A.BCA_BP6_XGDP_PS.VIE+THA+INO+MAL+SIN?startPeriod=2005&format=sdmx-csv",DF_GLOB_BOP.csv,71,,Bank of Thailand,Calendar Year,
THA,Thailand,current_account_pct,Current account balance,2012,A,-1.232337205,percent_gdp,current,,observed,A,BCA_BP6_XGDP_PS,ADB,"https://kidb.adb.org/api/v5/sdmx/data/ADB,DF_GLOB_BOP/A.BCA_BP6_XGDP_PS.VIE+THA+INO+MAL+SIN?startPeriod=2005&format=sdmx-csv",DF_GLOB_BOP.csv,72,,Bank of Thailand,Calendar Year,
THA,Thailand,current_account_pct,Current account balance,2013,A,-2.101535084,percent_gdp,current,,observed,A,BCA_BP6_XGDP_PS,ADB,"https://kidb.adb.org/api/v5/sdmx/data/ADB,DF_GLOB_BOP/A.BCA_BP6_XGDP_PS.VIE+THA+INO+MAL+SIN?startPeriod=2005&format=sdmx-csv",DF_GLOB_BOP.csv,73,,Bank of Thailand,Calendar Year,
THA,Thailand,current_account_pct,Current account balance,2014,A,2.858284429,percent_gdp,current,,observed,A,BCA_BP6_XGDP_PS,ADB,"https://kidb.adb.org/api/v5/sdmx/data/ADB,DF_GLOB_BOP/A.BCA_BP6_XGDP_PS.VIE+THA+INO+MAL+SIN?startPeriod=2005&format=sdmx-csv",DF_GLOB_BOP.csv,74,,Bank of Thailand,Calendar Year,
THA,Thailand,current_account_pct,Current account balance,2015,A,6.915817076,percent_gdp,current,,observed,A,BCA_BP6_XGDP_PS,ADB,"https://kidb.adb.org/api/v5/sdmx/data/ADB,DF_GLOB_BOP/A.BCA_BP6_XGDP_PS.VIE+THA+INO+MAL+SIN?startPeriod=2005&format=sdmx-csv",DF_GLOB_BOP.csv,75,,Bank of Thailand,Calendar Year,
THA,Thailand,current_account_pct,Current account balance,2016,A,10.50835426,percent_gdp,current,,observed,A,BCA_BP6_XGDP_PS,ADB,"https://kidb.adb.org/api/v5/sdmx/data/ADB,DF_GLOB_BOP/A.BCA_BP6_XGDP_PS.VIE+THA+INO+MAL+SIN?startPeriod=2005&format=sdmx-csv",DF_GLOB_BOP.csv,76,,Bank of Thailand,Calendar Year,
THA,Thailand,current_account_pct,Current account balance,2017,A,9.631029908,percent_gdp,current,,observed,A,BCA_BP6_XGDP_PS,ADB,"https://kidb.adb.org/api/v5/sdmx/data/ADB,DF_GLOB_BOP/A.BCA_BP6_XGDP_PS.VIE+THA+INO+MAL+SIN?startPeriod=2005&format=sdmx-csv",DF_GLOB_BOP.csv,77,,Bank of Thailand,Calendar Year,
THA,Thailand,current_account_pct,Current account balance,2018,A,5.619863842,percent_gdp,current,,observed,A,BCA_BP6_XGDP_PS,ADB,"https://kidb.adb.org/api/v5/sdmx/data/ADB,DF_GLOB_BOP/A.BCA_BP6_XGDP_PS.VIE+THA+INO+MAL+SIN?startPeriod=2005&format=sdmx-csv",DF_GLOB_BOP.csv,78,,Bank of Thailand,Calendar Year,
THA,Thailand,current_account_pct,Current account balance,2019,A,7.033268678,percent_gdp,current,,observed,A,BCA_BP6_XGDP_PS,ADB,"https://kidb.adb.org/api/v5/sdmx/data/ADB,DF_GLOB_BOP/A.BCA_BP6_XGDP_PS.VIE+THA+INO+MAL+SIN?startPeriod=2005&format=sdmx-csv",DF_GLOB_BOP.csv,79,,Bank of Thailand,Calendar Year,
THA,Thailand,current_account_pct,Current account balance,2020,A,4.182825661,percent_gdp,current,,observed,A,BCA_BP6_XGDP_PS,ADB,"https://kidb.adb.org/api/v5/sdmx/data/ADB,DF_GLOB_BOP/A.BCA_BP6_XGDP_PS.VIE+THA+INO+MAL+SIN?startPeriod=2005&format=sdmx-csv",DF_GLOB_BOP.csv,80,,Bank of Thailand,Calendar Year,
THA,Thailand,current_account_pct,Current account balance,2021,A,-2.118251418,percent_gdp,current,,observed,A,BCA_BP6_XGDP_PS,ADB,"https://kidb.adb.org/api/v5/sdmx/data/ADB,DF_GLOB_BOP/A.BCA_BP6_XGDP_PS.VIE+THA+INO+MAL+SIN?startPeriod=2005&format=sdmx-csv",DF_GLOB_BOP.csv,81,,Bank of Thailand,Calendar Year,
THA,Thailand,current_account_pct,Current account balance,2022,A,-3.462516507,percent_gdp,current,,observed,A,BCA_BP6_XGDP_PS,ADB,"https://kidb.adb.org/api/v5/sdmx/data/ADB,DF_GLOB_BOP/A.BCA_BP6_XGDP_PS.VIE+THA+INO+MAL+SIN?startPeriod=2005&format=sdmx-csv",DF_GLOB_BOP.csv,82,,Bank of Thailand,Calendar Year,
THA,Thailand,current_account_pct,Current account balance,2023,A,1.436618026,percent_gdp,current,,observed,A,BCA_BP6_XGDP_PS,ADB,"https://kidb.adb.org/api/v5/sdmx/data/ADB,DF_GLOB_BOP/A.BCA_BP6_XGDP_PS.VIE+THA+INO+MAL+SIN?startPeriod=2005&format=sdmx-csv",DF_GLOB_BOP.csv,83,,Bank of Thailand,Calendar Year,
THA,Thailand,current_account_pct,Current account balance,2024,A,2.10661048,percent_gdp,current,,provisional,P,BCA_BP6_XGDP_PS,ADB,"https://kidb.adb.org/api/v5/sdmx/data/ADB,DF_GLOB_BOP/A.BCA_BP6_XGDP_PS.VIE+THA+INO+MAL+SIN?startPeriod=2005&format=sdmx-csv",DF_GLOB_BOP.csv,84,,Bank of Thailand,Calendar Year,
THA,Thailand,current_account_pct,Current account balance,2025,A,2.762897536,percent_gdp,current,,provisional,P,BCA_BP6_XGDP_PS,ADB,"https://kidb.adb.org/api/v5/sdmx/data/ADB,DF_GLOB_BOP/A.BCA_BP6_XGDP_PS.VIE+THA+INO+MAL+SIN?startPeriod=2005&format=sdmx-csv",DF_GLOB_BOP.csv,85,,Bank of Thailand,Calendar Year,
THA,Thailand,exports_pct,Exports of goods and services,2005,A,69.2,percent_gdp,current,,observed,A,NEGS_XGDP_PS,ADB,"https://kidb.adb.org/api/v5/sdmx/data/ADB,DF_NA/A.NGDP_XDC+NGDP_R_XDC+NGDPVA_ISIC4_C_XDC+NEGS_XGDP_PS+NIGS_XGDP_PS.VIE+THA+INO+MAL+SIN?startPeriod=2005&format=sdmx-csv",DF_NA.csv,275,,National Economic and Social Development Council,Calendar Year,
THA,Thailand,exports_pct,Exports of goods and services,2006,A,69.9,percent_gdp,current,,observed,A,NEGS_XGDP_PS,ADB,"https://kidb.adb.org/api/v5/sdmx/data/ADB,DF_NA/A.NGDP_XDC+NGDP_R_XDC+NGDPVA_ISIC4_C_XDC+NEGS_XGDP_PS+NIGS_XGDP_PS.VIE+THA+INO+MAL+SIN?startPeriod=2005&format=sdmx-csv",DF_NA.csv,276,,National Economic and Social Development Council,Calendar Year,
THA,Thailand,exports_pct,Exports of goods and services,2007,A,69,percent_gdp,current,,observed,A,NEGS_XGDP_PS,ADB,"https://kidb.adb.org/api/v5/sdmx/data/ADB,DF_NA/A.NGDP_XDC+NGDP_R_XDC+NGDPVA_ISIC4_C_XDC+NEGS_XGDP_PS+NIGS_XGDP_PS.VIE+THA+INO+MAL+SIN?startPeriod=2005&format=sdmx-csv",DF_NA.csv,277,,National Economic and Social Development Council,Calendar Year,
THA,Thailand,exports_pct,Exports of goods and services,2008,A,72.4,percent_gdp,current,,observed,A,NEGS_XGDP_PS,ADB,"https://kidb.adb.org/api/v5/sdmx/data/ADB,DF_NA/A.NGDP_XDC+NGDP_R_XDC+NGDPVA_ISIC4_C_XDC+NEGS_XGDP_PS+NIGS_XGDP_PS.VIE+THA+INO+MAL+SIN?startPeriod=2005&format=sdmx-csv",DF_NA.csv,278,,National Economic and Social Development Council,Calendar Year,
THA,Thailand,exports_pct,Exports of goods and services,2009,A,64.9,percent_gdp,current,,observed,A,NEGS_XGDP_PS,ADB,"https://kidb.adb.org/api/v5/sdmx/data/ADB,DF_NA/A.NGDP_XDC+NGDP_R_XDC+NGDPVA_ISIC4_C_XDC+NEGS_XGDP_PS+NIGS_XGDP_PS.VIE+THA+INO+MAL+SIN?startPeriod=2005&format=sdmx-csv",DF_NA.csv,279,,National Economic and Social Development Council,Calendar Year,
THA,Thailand,exports_pct,Exports of goods and services,2010,A,67.1,percent_gdp,current,,observed,A,NEGS_XGDP_PS,ADB,"https://kidb.adb.org/api/v5/sdmx/data/ADB,DF_NA/A.NGDP_XDC+NGDP_R_XDC+NGDPVA_ISIC4_C_XDC+NEGS_XGDP_PS+NIGS_XGDP_PS.VIE+THA+INO+MAL+SIN?startPeriod=2005&format=sdmx-csv",DF_NA.csv,280,,National Economic and Social Development Council,Calendar Year,
THA,Thailand,exports_pct,Exports of goods and services,2011,A,72.4,percent_gdp,current,,observed,A,NEGS_XGDP_PS,ADB,"https://kidb.adb.org/api/v5/sdmx/data/ADB,DF_NA/A.NGDP_XDC+NGDP_R_XDC+NGDPVA_ISIC4_C_XDC+NEGS_XGDP_PS+NIGS_XGDP_PS.VIE+THA+INO+MAL+SIN?startPeriod=2005&format=sdmx-csv",DF_NA.csv,281,,National Economic and Social Development Council,Calendar Year,
THA,Thailand,exports_pct,Exports of goods and services,2012,A,70.4,percent_gdp,current,,observed,A,NEGS_XGDP_PS,ADB,"https://kidb.adb.org/api/v5/sdmx/data/ADB,DF_NA/A.NGDP_XDC+NGDP_R_XDC+NGDPVA_ISIC4_C_XDC+NEGS_XGDP_PS+NIGS_XGDP_PS.VIE+THA+INO+MAL+SIN?startPeriod=2005&format=sdmx-csv",DF_NA.csv,282,,National Economic and Social Development Council,Calendar Year,
THA,Thailand,exports_pct,Exports of goods and services,2013,A,68.4,percent_gdp,current,,observed,A,NEGS_XGDP_PS,ADB,"https://kidb.adb.org/api/v5/sdmx/data/ADB,DF_NA/A.NGDP_XDC+NGDP_R_XDC+NGDPVA_ISIC4_C_XDC+NEGS_XGDP_PS+NIGS_XGDP_PS.VIE+THA+INO+MAL+SIN?startPeriod=2005&format=sdmx-csv",DF_NA.csv,283,,National Economic and Social Development Council,Calendar Year,
THA,Thailand,exports_pct,Exports of goods and services,2014,A,68.9,percent_gdp,current,,observed,A,NEGS_XGDP_PS,ADB,"https://kidb.adb.org/api/v5/sdmx/data/ADB,DF_NA/A.NGDP_XDC+NGDP_R_XDC+NGDPVA_ISIC4_C_XDC+NEGS_XGDP_PS+NIGS_XGDP_PS.VIE+THA+INO+MAL+SIN?startPeriod=2005&format=sdmx-csv",DF_NA.csv,284,,National Economic and Social Development Council,Calendar Year,
THA,Thailand,exports_pct,Exports of goods and services,2015,A,66.8,percent_gdp,current,,observed,A,NEGS_XGDP_PS,ADB,"https://kidb.adb.org/api/v5/sdmx/data/ADB,DF_NA/A.NGDP_XDC+NGDP_R_XDC+NGDPVA_ISIC4_C_XDC+NEGS_XGDP_PS+NIGS_XGDP_PS.VIE+THA+INO+MAL+SIN?startPeriod=2005&format=sdmx-csv",DF_NA.csv,285,,National Economic and Social Development Council,Calendar Year,
THA,Thailand,exports_pct,Exports of goods and services,2016,A,66,percent_gdp,current,,observed,A,NEGS_XGDP_PS,ADB,"https://kidb.adb.org/api/v5/sdmx/data/ADB,DF_NA/A.NGDP_XDC+NGDP_R_XDC+NGDPVA_ISIC4_C_XDC+NEGS_XGDP_PS+NIGS_XGDP_PS.VIE+THA+INO+MAL+SIN?startPeriod=2005&format=sdmx-csv",DF_NA.csv,286,,National Economic and Social Development Council,Calendar Year,
THA,Thailand,exports_pct,Exports of goods and services,2017,A,66.3,percent_gdp,current,,observed,A,NEGS_XGDP_PS,ADB,"https://kidb.adb.org/api/v5/sdmx/data/ADB,DF_NA/A.NGDP_XDC+NGDP_R_XDC+NGDPVA_ISIC4_C_XDC+NEGS_XGDP_PS+NIGS_XGDP_PS.VIE+THA+INO+MAL+SIN?startPeriod=2005&format=sdmx-csv",DF_NA.csv,287,,National Economic and Social Development Council,Calendar Year,
THA,Thailand,exports_pct,Exports of goods and services,2018,A,65.41609196,percent_gdp,current,,observed,A,NEGS_XGDP_PS,ADB,"https://kidb.adb.org/api/v5/sdmx/data/ADB,DF_NA/A.NGDP_XDC+NGDP_R_XDC+NGDPVA_ISIC4_C_XDC+NEGS_XGDP_PS+NIGS_XGDP_PS.VIE+THA+INO+MAL+SIN?startPeriod=2005&format=sdmx-csv",DF_NA.csv,288,,National Economic and Social Development Council,Calendar Year,
THA,Thailand,exports_pct,Exports of goods and services,2019,A,59.51889062,percent_gdp,current,,observed,A,NEGS_XGDP_PS,ADB,"https://kidb.adb.org/api/v5/sdmx/data/ADB,DF_NA/A.NGDP_XDC+NGDP_R_XDC+NGDPVA_ISIC4_C_XDC+NEGS_XGDP_PS+NIGS_XGDP_PS.VIE+THA+INO+MAL+SIN?startPeriod=2005&format=sdmx-csv",DF_NA.csv,289,,National Economic and Social Development Council,Calendar Year,
THA,Thailand,exports_pct,Exports of goods and services,2020,A,51.33881897,percent_gdp,current,,observed,A,NEGS_XGDP_PS,ADB,"https://kidb.adb.org/api/v5/sdmx/data/ADB,DF_NA/A.NGDP_XDC+NGDP_R_XDC+NGDPVA_ISIC4_C_XDC+NEGS_XGDP_PS+NIGS_XGDP_PS.VIE+THA+INO+MAL+SIN?startPeriod=2005&format=sdmx-csv",DF_NA.csv,290,,National Economic and Social Development Council,Calendar Year,
THA,Thailand,exports_pct,Exports of goods and services,2021,A,58.42111244,percent_gdp,current,,observed,A,NEGS_XGDP_PS,ADB,"https://kidb.adb.org/api/v5/sdmx/data/ADB,DF_NA/A.NGDP_XDC+NGDP_R_XDC+NGDPVA_ISIC4_C_XDC+NEGS_XGDP_PS+NIGS_XGDP_PS.VIE+THA+INO+MAL+SIN?startPeriod=2005&format=sdmx-csv",DF_NA.csv,291,,National Economic and Social Development Council,Calendar Year,
THA,Thailand,exports_pct,Exports of goods and services,2022,A,65.333832,percent_gdp,current,,observed,A,NEGS_XGDP_PS,ADB,"https://kidb.adb.org/api/v5/sdmx/data/ADB,DF_NA/A.NGDP_XDC+NGDP_R_XDC+NGDPVA_ISIC4_C_XDC+NEGS_XGDP_PS+NIGS_XGDP_PS.VIE+THA+INO+MAL+SIN?startPeriod=2005&format=sdmx-csv",DF_NA.csv,292,,National Economic and Social Development Council,Calendar Year,
THA,Thailand,exports_pct,Exports of goods and services,2023,A,65.51358827,percent_gdp,current,,provisional,P,NEGS_XGDP_PS,ADB,"https://kidb.adb.org/api/v5/sdmx/data/ADB,DF_NA/A.NGDP_XDC+NGDP_R_XDC+NGDPVA_ISIC4_C_XDC+NEGS_XGDP_PS+NIGS_XGDP_PS.VIE+THA+INO+MAL+SIN?startPeriod=2005&format=sdmx-csv",DF_NA.csv,293,,National Economic and Social Development Council,Calendar Year,
THA,Thailand,exports_pct,Exports of goods and services,2024,A,69.67262917,percent_gdp,current,,provisional,P,NEGS_XGDP_PS,ADB,"https://kidb.adb.org/api/v5/sdmx/data/ADB,DF_NA/A.NGDP_XDC+NGDP_R_XDC+NGDPVA_ISIC4_C_XDC+NEGS_XGDP_PS+NIGS_XGDP_PS.VIE+THA+INO+MAL+SIN?startPeriod=2005&format=sdmx-csv",DF_NA.csv,294,,National Economic and Social Development Council,Calendar Year,
THA,Thailand,exports_pct,Exports of goods and services,2025,A,71.14809761,percent_gdp,current,,provisional,P,NEGS_XGDP_PS,ADB,"https://kidb.adb.org/api/v5/sdmx/data/ADB,DF_NA/A.NGDP_XDC+NGDP_R_XDC+NGDPVA_ISIC4_C_XDC+NEGS_XGDP_PS+NIGS_XGDP_PS.VIE+THA+INO+MAL+SIN?startPeriod=2005&format=sdmx-csv",DF_NA.csv,295,,National Economic and Social Development Council,Calendar Year,
THA,Thailand,imports_pct,Imports of goods and services,2005,A,70.2,percent_gdp,current,,observed,A,NIGS_XGDP_PS,ADB,"https://kidb.adb.org/api/v5/sdmx/data/ADB,DF_NA/A.NGDP_XDC+NGDP_R_XDC+NGDPVA_ISIC4_C_XDC+NEGS_XGDP_PS+NIGS_XGDP_PS.VIE+THA+INO+MAL+SIN?startPeriod=2005&format=sdmx-csv",DF_NA.csv,380,,National Economic and Social Development Council,Calendar Year,
THA,Thailand,imports_pct,Imports of goods and services,2006,A,66.6,percent_gdp,current,,observed,A,NIGS_XGDP_PS,ADB,"https://kidb.adb.org/api/v5/sdmx/data/ADB,DF_NA/A.NGDP_XDC+NGDP_R_XDC+NGDPVA_ISIC4_C_XDC+NEGS_XGDP_PS+NIGS_XGDP_PS.VIE+THA+INO+MAL+SIN?startPeriod=2005&format=sdmx-csv",DF_NA.csv,381,,National Economic and Social Development Council,Calendar Year,
THA,Thailand,imports_pct,Imports of goods and services,2007,A,61.1,percent_gdp,current,,observed,A,NIGS_XGDP_PS,ADB,"https://kidb.adb.org/api/v5/sdmx/data/ADB,DF_NA/A.NGDP_XDC+NGDP_R_XDC+NGDPVA_ISIC4_C_XDC+NEGS_XGDP_PS+NIGS_XGDP_PS.VIE+THA+INO+MAL+SIN?startPeriod=2005&format=sdmx-csv",DF_NA.csv,382,,National Economic and Social Development Council,Calendar Year,
THA,Thailand,imports_pct,Imports of goods and services,2008,A,70,percent_gdp,current,,observed,A,NIGS_XGDP_PS,ADB,"https://kidb.adb.org/api/v5/sdmx/data/ADB,DF_NA/A.NGDP_XDC+NGDP_R_XDC+NGDPVA_ISIC4_C_XDC+NEGS_XGDP_PS+NIGS_XGDP_PS.VIE+THA+INO+MAL+SIN?startPeriod=2005&format=sdmx-csv",DF_NA.csv,383,,National Economic and Social Development Council,Calendar Year,
THA,Thailand,imports_pct,Imports of goods and services,2009,A,55.2,percent_gdp,current,,observed,A,NIGS_XGDP_PS,ADB,"https://kidb.adb.org/api/v5/sdmx/data/ADB,DF_NA/A.NGDP_XDC+NGDP_R_XDC+NGDPVA_ISIC4_C_XDC+NEGS_XGDP_PS+NIGS_XGDP_PS.VIE+THA+INO+MAL+SIN?startPeriod=2005&format=sdmx-csv",DF_NA.csv,384,,National Economic and Social Development Council,Calendar Year,
THA,Thailand,imports_pct,Imports of goods and services,2010,A,61.3,percent_gdp,current,,observed,A,NIGS_XGDP_PS,ADB,"https://kidb.adb.org/api/v5/sdmx/data/ADB,DF_NA/A.NGDP_XDC+NGDP_R_XDC+NGDPVA_ISIC4_C_XDC+NEGS_XGDP_PS+NIGS_XGDP_PS.VIE+THA+INO+MAL+SIN?startPeriod=2005&format=sdmx-csv",DF_NA.csv,385,,National Economic and Social Development Council,Calendar Year,
THA,Thailand,imports_pct,Imports of goods and services,2011,A,70.3,percent_gdp,current,,observed,A,NIGS_XGDP_PS,ADB,"https://kidb.adb.org/api/v5/sdmx/data/ADB,DF_NA/A.NGDP_XDC+NGDP_R_XDC+NGDPVA_ISIC4_C_XDC+NEGS_XGDP_PS+NIGS_XGDP_PS.VIE+THA+INO+MAL+SIN?startPeriod=2005&format=sdmx-csv",DF_NA.csv,386,,National Economic and Social Development Council,Calendar Year,
THA,Thailand,imports_pct,Imports of goods and services,2012,A,70.2,percent_gdp,current,,observed,A,NIGS_XGDP_PS,ADB,"https://kidb.adb.org/api/v5/sdmx/data/ADB,DF_NA/A.NGDP_XDC+NGDP_R_XDC+NGDPVA_ISIC4_C_XDC+NEGS_XGDP_PS+NIGS_XGDP_PS.VIE+THA+INO+MAL+SIN?startPeriod=2005&format=sdmx-csv",DF_NA.csv,387,,National Economic and Social Development Council,Calendar Year,
THA,Thailand,imports_pct,Imports of goods and services,2013,A,66.5,percent_gdp,current,,observed,A,NIGS_XGDP_PS,ADB,"https://kidb.adb.org/api/v5/sdmx/data/ADB,DF_NA/A.NGDP_XDC+NGDP_R_XDC+NGDPVA_ISIC4_C_XDC+NEGS_XGDP_PS+NIGS_XGDP_PS.VIE+THA+INO+MAL+SIN?startPeriod=2005&format=sdmx-csv",DF_NA.csv,388,,National Economic and Social Development Council,Calendar Year,
THA,Thailand,imports_pct,Imports of goods and services,2014,A,62.9,percent_gdp,current,,observed,A,NIGS_XGDP_PS,ADB,"https://kidb.adb.org/api/v5/sdmx/data/ADB,DF_NA/A.NGDP_XDC+NGDP_R_XDC+NGDPVA_ISIC4_C_XDC+NEGS_XGDP_PS+NIGS_XGDP_PS.VIE+THA+INO+MAL+SIN?startPeriod=2005&format=sdmx-csv",DF_NA.csv,389,,National Economic and Social Development Council,Calendar Year,
THA,Thailand,imports_pct,Imports of goods and services,2015,A,56.5,percent_gdp,current,,observed,A,NIGS_XGDP_PS,ADB,"https://kidb.adb.org/api/v5/sdmx/data/ADB,DF_NA/A.NGDP_XDC+NGDP_R_XDC+NGDPVA_ISIC4_C_XDC+NEGS_XGDP_PS+NIGS_XGDP_PS.VIE+THA+INO+MAL+SIN?startPeriod=2005&format=sdmx-csv",DF_NA.csv,390,,National Economic and Social Development Council,Calendar Year,
THA,Thailand,imports_pct,Imports of goods and services,2016,A,52.7,percent_gdp,current,,observed,A,NIGS_XGDP_PS,ADB,"https://kidb.adb.org/api/v5/sdmx/data/ADB,DF_NA/A.NGDP_XDC+NGDP_R_XDC+NGDPVA_ISIC4_C_XDC+NEGS_XGDP_PS+NIGS_XGDP_PS.VIE+THA+INO+MAL+SIN?startPeriod=2005&format=sdmx-csv",DF_NA.csv,391,,National Economic and Social Development Council,Calendar Year,
THA,Thailand,imports_pct,Imports of goods and services,2017,A,53.9,percent_gdp,current,,observed,A,NIGS_XGDP_PS,ADB,"https://kidb.adb.org/api/v5/sdmx/data/ADB,DF_NA/A.NGDP_XDC+NGDP_R_XDC+NGDPVA_ISIC4_C_XDC+NEGS_XGDP_PS+NIGS_XGDP_PS.VIE+THA+INO+MAL+SIN?startPeriod=2005&format=sdmx-csv",DF_NA.csv,392,,National Economic and Social Development Council,Calendar Year,
THA,Thailand,imports_pct,Imports of goods and services,2018,A,56.50302132,percent_gdp,current,,observed,A,NIGS_XGDP_PS,ADB,"https://kidb.adb.org/api/v5/sdmx/data/ADB,DF_NA/A.NGDP_XDC+NGDP_R_XDC+NGDPVA_ISIC4_C_XDC+NEGS_XGDP_PS+NIGS_XGDP_PS.VIE+THA+INO+MAL+SIN?startPeriod=2005&format=sdmx-csv",DF_NA.csv,393,,National Economic and Social Development Council,Calendar Year,
THA,Thailand,imports_pct,Imports of goods and services,2019,A,50.17062409,percent_gdp,current,,observed,A,NIGS_XGDP_PS,ADB,"https://kidb.adb.org/api/v5/sdmx/data/ADB,DF_NA/A.NGDP_XDC+NGDP_R_XDC+NGDPVA_ISIC4_C_XDC+NEGS_XGDP_PS+NIGS_XGDP_PS.VIE+THA+INO+MAL+SIN?startPeriod=2005&format=sdmx-csv",DF_NA.csv,394,,National Economic and Social Development Council,Calendar Year,
THA,Thailand,imports_pct,Imports of goods and services,2020,A,46.32362297,percent_gdp,current,,observed,A,NIGS_XGDP_PS,ADB,"https://kidb.adb.org/api/v5/sdmx/data/ADB,DF_NA/A.NGDP_XDC+NGDP_R_XDC+NGDPVA_ISIC4_C_XDC+NEGS_XGDP_PS+NIGS_XGDP_PS.VIE+THA+INO+MAL+SIN?startPeriod=2005&format=sdmx-csv",DF_NA.csv,395,,National Economic and Social Development Council,Calendar Year,
THA,Thailand,imports_pct,Imports of goods and services,2021,A,58.71035974,percent_gdp,current,,observed,A,NIGS_XGDP_PS,ADB,"https://kidb.adb.org/api/v5/sdmx/data/ADB,DF_NA/A.NGDP_XDC+NGDP_R_XDC+NGDPVA_ISIC4_C_XDC+NEGS_XGDP_PS+NIGS_XGDP_PS.VIE+THA+INO+MAL+SIN?startPeriod=2005&format=sdmx-csv",DF_NA.csv,396,,National Economic and Social Development Council,Calendar Year,
THA,Thailand,imports_pct,Imports of goods and services,2022,A,67.47962629,percent_gdp,current,,observed,A,NIGS_XGDP_PS,ADB,"https://kidb.adb.org/api/v5/sdmx/data/ADB,DF_NA/A.NGDP_XDC+NGDP_R_XDC+NGDPVA_ISIC4_C_XDC+NEGS_XGDP_PS+NIGS_XGDP_PS.VIE+THA+INO+MAL+SIN?startPeriod=2005&format=sdmx-csv",DF_NA.csv,397,,National Economic and Social Development Council,Calendar Year,
THA,Thailand,imports_pct,Imports of goods and services,2023,A,63.27877142,percent_gdp,current,,provisional,P,NIGS_XGDP_PS,ADB,"https://kidb.adb.org/api/v5/sdmx/data/ADB,DF_NA/A.NGDP_XDC+NGDP_R_XDC+NGDPVA_ISIC4_C_XDC+NEGS_XGDP_PS+NIGS_XGDP_PS.VIE+THA+INO+MAL+SIN?startPeriod=2005&format=sdmx-csv",DF_NA.csv,398,,National Economic and Social Development Council,Calendar Year,
THA,Thailand,imports_pct,Imports of goods and services,2024,A,66.05230667,percent_gdp,current,,provisional,P,NIGS_XGDP_PS,ADB,"https://kidb.adb.org/api/v5/sdmx/data/ADB,DF_NA/A.NGDP_XDC+NGDP_R_XDC+NGDPVA_ISIC4_C_XDC+NEGS_XGDP_PS+NIGS_XGDP_PS.VIE+THA+INO+MAL+SIN?startPeriod=2005&format=sdmx-csv",DF_NA.csv,399,,National Economic and Social Development Council,Calendar Year,
THA,Thailand,imports_pct,Imports of goods and services,2025,A,67.2655884,percent_gdp,current,,provisional,P,NIGS_XGDP_PS,ADB,"https://kidb.adb.org/api/v5/sdmx/data/ADB,DF_NA/A.NGDP_XDC+NGDP_R_XDC+NGDPVA_ISIC4_C_XDC+NEGS_XGDP_PS+NIGS_XGDP_PS.VIE+THA+INO+MAL+SIN?startPeriod=2005&format=sdmx-csv",DF_NA.csv,400,,National Economic and Social Development Council,Calendar Year,
THA,Thailand,manufacturing_lcu,Manufacturing at current prices,2005,A,2.255014e+12,THB,current,,observed,A,NGDPVA_ISIC4_C_XDC,ADB,"https://kidb.adb.org/api/v5/sdmx/data/ADB,DF_NA/A.NGDP_XDC+NGDP_R_XDC+NGDPVA_ISIC4_C_XDC+NEGS_XGDP_PS+NIGS_XGDP_PS.VIE+THA+INO+MAL+SIN?startPeriod=2005&format=sdmx-csv",DF_NA.csv,170,,National Economic and Social Development Council,Calendar Year,
THA,Thailand,manufacturing_lcu,Manufacturing at current prices,2006,A,2.534313e+12,THB,current,,observed,A,NGDPVA_ISIC4_C_XDC,ADB,"https://kidb.adb.org/api/v5/sdmx/data/ADB,DF_NA/A.NGDP_XDC+NGDP_R_XDC+NGDPVA_ISIC4_C_XDC+NEGS_XGDP_PS+NIGS_XGDP_PS.VIE+THA+INO+MAL+SIN?startPeriod=2005&format=sdmx-csv",DF_NA.csv,171,,National Economic and Social Development Council,Calendar Year,
THA,Thailand,manufacturing_lcu,Manufacturing at current prices,2007,A,2.776209e+12,THB,current,,observed,A,NGDPVA_ISIC4_C_XDC,ADB,"https://kidb.adb.org/api/v5/sdmx/data/ADB,DF_NA/A.NGDP_XDC+NGDP_R_XDC+NGDPVA_ISIC4_C_XDC+NEGS_XGDP_PS+NIGS_XGDP_PS.VIE+THA+INO+MAL+SIN?startPeriod=2005&format=sdmx-csv",DF_NA.csv,172,,National Economic and Social Development Council,Calendar Year,
THA,Thailand,manufacturing_lcu,Manufacturing at current prices,2008,A,2.965926e+12,THB,current,,observed,A,NGDPVA_ISIC4_C_XDC,ADB,"https://kidb.adb.org/api/v5/sdmx/data/ADB,DF_NA/A.NGDP_XDC+NGDP_R_XDC+NGDPVA_ISIC4_C_XDC+NEGS_XGDP_PS+NIGS_XGDP_PS.VIE+THA+INO+MAL+SIN?startPeriod=2005&format=sdmx-csv",DF_NA.csv,173,,National Economic and Social Development Council,Calendar Year,
THA,Thailand,manufacturing_lcu,Manufacturing at current prices,2009,A,2.84565e+12,THB,current,,observed,A,NGDPVA_ISIC4_C_XDC,ADB,"https://kidb.adb.org/api/v5/sdmx/data/ADB,DF_NA/A.NGDP_XDC+NGDP_R_XDC+NGDPVA_ISIC4_C_XDC+NEGS_XGDP_PS+NIGS_XGDP_PS.VIE+THA+INO+MAL+SIN?startPeriod=2005&format=sdmx-csv",DF_NA.csv,174,,National Economic and Social Development Council,Calendar Year,
THA,Thailand,manufacturing_lcu,Manufacturing at current prices,2010,A,3.343011e+12,THB,current,,observed,A,NGDPVA_ISIC4_C_XDC,ADB,"https://kidb.adb.org/api/v5/sdmx/data/ADB,DF_NA/A.NGDP_XDC+NGDP_R_XDC+NGDPVA_ISIC4_C_XDC+NEGS_XGDP_PS+NIGS_XGDP_PS.VIE+THA+INO+MAL+SIN?startPeriod=2005&format=sdmx-csv",DF_NA.csv,175,,National Economic and Social Development Council,Calendar Year,
THA,Thailand,manufacturing_lcu,Manufacturing at current prices,2011,A,3.278536e+12,THB,current,,observed,A,NGDPVA_ISIC4_C_XDC,ADB,"https://kidb.adb.org/api/v5/sdmx/data/ADB,DF_NA/A.NGDP_XDC+NGDP_R_XDC+NGDPVA_ISIC4_C_XDC+NEGS_XGDP_PS+NIGS_XGDP_PS.VIE+THA+INO+MAL+SIN?startPeriod=2005&format=sdmx-csv",DF_NA.csv,176,,National Economic and Social Development Council,Calendar Year,
THA,Thailand,manufacturing_lcu,Manufacturing at current prices,2012,A,3.456693e+12,THB,current,,observed,A,NGDPVA_ISIC4_C_XDC,ADB,"https://kidb.adb.org/api/v5/sdmx/data/ADB,DF_NA/A.NGDP_XDC+NGDP_R_XDC+NGDPVA_ISIC4_C_XDC+NEGS_XGDP_PS+NIGS_XGDP_PS.VIE+THA+INO+MAL+SIN?startPeriod=2005&format=sdmx-csv",DF_NA.csv,177,,National Economic and Social Development Council,Calendar Year,
THA,Thailand,manufacturing_lcu,Manufacturing at current prices,2013,A,3.563122e+12,THB,current,,observed,A,NGDPVA_ISIC4_C_XDC,ADB,"https://kidb.adb.org/api/v5/sdmx/data/ADB,DF_NA/A.NGDP_XDC+NGDP_R_XDC+NGDPVA_ISIC4_C_XDC+NEGS_XGDP_PS+NIGS_XGDP_PS.VIE+THA+INO+MAL+SIN?startPeriod=2005&format=sdmx-csv",DF_NA.csv,178,,National Economic and Social Development Council,Calendar Year,
THA,Thailand,manufacturing_lcu,Manufacturing at current prices,2014,A,3.648058e+12,THB,current,,observed,A,NGDPVA_ISIC4_C_XDC,ADB,"https://kidb.adb.org/api/v5/sdmx/data/ADB,DF_NA/A.NGDP_XDC+NGDP_R_XDC+NGDPVA_ISIC4_C_XDC+NEGS_XGDP_PS+NIGS_XGDP_PS.VIE+THA+INO+MAL+SIN?startPeriod=2005&format=sdmx-csv",DF_NA.csv,179,,National Economic and Social Development Council,Calendar Year,
THA,Thailand,manufacturing_lcu,Manufacturing at current prices,2015,A,3.76215e+12,THB,current,,observed,A,NGDPVA_ISIC4_C_XDC,ADB,"https://kidb.adb.org/api/v5/sdmx/data/ADB,DF_NA/A.NGDP_XDC+NGDP_R_XDC+NGDPVA_ISIC4_C_XDC+NEGS_XGDP_PS+NIGS_XGDP_PS.VIE+THA+INO+MAL+SIN?startPeriod=2005&format=sdmx-csv",DF_NA.csv,180,,National Economic and Social Development Council,Calendar Year,
THA,Thailand,manufacturing_lcu,Manufacturing at current prices,2016,A,3.960437e+12,THB,current,,observed,A,NGDPVA_ISIC4_C_XDC,ADB,"https://kidb.adb.org/api/v5/sdmx/data/ADB,DF_NA/A.NGDP_XDC+NGDP_R_XDC+NGDPVA_ISIC4_C_XDC+NEGS_XGDP_PS+NIGS_XGDP_PS.VIE+THA+INO+MAL+SIN?startPeriod=2005&format=sdmx-csv",DF_NA.csv,181,,National Economic and Social Development Council,Calendar Year,
THA,Thailand,manufacturing_lcu,Manufacturing at current prices,2017,A,4.184233e+12,THB,current,,observed,A,NGDPVA_ISIC4_C_XDC,ADB,"https://kidb.adb.org/api/v5/sdmx/data/ADB,DF_NA/A.NGDP_XDC+NGDP_R_XDC+NGDPVA_ISIC4_C_XDC+NEGS_XGDP_PS+NIGS_XGDP_PS.VIE+THA+INO+MAL+SIN?startPeriod=2005&format=sdmx-csv",DF_NA.csv,182,,National Economic and Social Development Council,Calendar Year,
THA,Thailand,manufacturing_lcu,Manufacturing at current prices,2018,A,4.373783e+12,THB,current,,observed,A,NGDPVA_ISIC4_C_XDC,ADB,"https://kidb.adb.org/api/v5/sdmx/data/ADB,DF_NA/A.NGDP_XDC+NGDP_R_XDC+NGDPVA_ISIC4_C_XDC+NEGS_XGDP_PS+NIGS_XGDP_PS.VIE+THA+INO+MAL+SIN?startPeriod=2005&format=sdmx-csv",DF_NA.csv,183,,National Economic and Social Development Council,Calendar Year,
THA,Thailand,manufacturing_lcu,Manufacturing at current prices,2019,A,4.327276e+12,THB,current,,observed,A,NGDPVA_ISIC4_C_XDC,ADB,"https://kidb.adb.org/api/v5/sdmx/data/ADB,DF_NA/A.NGDP_XDC+NGDP_R_XDC+NGDPVA_ISIC4_C_XDC+NEGS_XGDP_PS+NIGS_XGDP_PS.VIE+THA+INO+MAL+SIN?startPeriod=2005&format=sdmx-csv",DF_NA.csv,184,,National Economic and Social Development Council,Calendar Year,
THA,Thailand,manufacturing_lcu,Manufacturing at current prices,2020,A,4.002295e+12,THB,current,,observed,A,NGDPVA_ISIC4_C_XDC,ADB,"https://kidb.adb.org/api/v5/sdmx/data/ADB,DF_NA/A.NGDP_XDC+NGDP_R_XDC+NGDPVA_ISIC4_C_XDC+NEGS_XGDP_PS+NIGS_XGDP_PS.VIE+THA+INO+MAL+SIN?startPeriod=2005&format=sdmx-csv",DF_NA.csv,185,,National Economic and Social Development Council,Calendar Year,
THA,Thailand,manufacturing_lcu,Manufacturing at current prices,2021,A,4.394933e+12,THB,current,,observed,A,NGDPVA_ISIC4_C_XDC,ADB,"https://kidb.adb.org/api/v5/sdmx/data/ADB,DF_NA/A.NGDP_XDC+NGDP_R_XDC+NGDPVA_ISIC4_C_XDC+NEGS_XGDP_PS+NIGS_XGDP_PS.VIE+THA+INO+MAL+SIN?startPeriod=2005&format=sdmx-csv",DF_NA.csv,186,,National Economic and Social Development Council,Calendar Year,
THA,Thailand,manufacturing_lcu,Manufacturing at current prices,2022,A,4.69777e+12,THB,current,,observed,A,NGDPVA_ISIC4_C_XDC,ADB,"https://kidb.adb.org/api/v5/sdmx/data/ADB,DF_NA/A.NGDP_XDC+NGDP_R_XDC+NGDPVA_ISIC4_C_XDC+NEGS_XGDP_PS+NIGS_XGDP_PS.VIE+THA+INO+MAL+SIN?startPeriod=2005&format=sdmx-csv",DF_NA.csv,187,,National Economic and Social Development Council,Calendar Year,
THA,Thailand,manufacturing_lcu,Manufacturing at current prices,2023,A,4.495573e+12,THB,current,,provisional,P,NGDPVA_ISIC4_C_XDC,ADB,"https://kidb.adb.org/api/v5/sdmx/data/ADB,DF_NA/A.NGDP_XDC+NGDP_R_XDC+NGDPVA_ISIC4_C_XDC+NEGS_XGDP_PS+NIGS_XGDP_PS.VIE+THA+INO+MAL+SIN?startPeriod=2005&format=sdmx-csv",DF_NA.csv,188,,National Economic and Social Development Council,Calendar Year,
THA,Thailand,manufacturing_lcu,Manufacturing at current prices,2024,A,4.52883e+12,THB,current,,provisional,P,NGDPVA_ISIC4_C_XDC,ADB,"https://kidb.adb.org/api/v5/sdmx/data/ADB,DF_NA/A.NGDP_XDC+NGDP_R_XDC+NGDPVA_ISIC4_C_XDC+NEGS_XGDP_PS+NIGS_XGDP_PS.VIE+THA+INO+MAL+SIN?startPeriod=2005&format=sdmx-csv",DF_NA.csv,189,,National Economic and Social Development Council,Calendar Year,
THA,Thailand,manufacturing_lcu,Manufacturing at current prices,2025,A,4.505043e+12,THB,current,,provisional,P,NGDPVA_ISIC4_C_XDC,ADB,"https://kidb.adb.org/api/v5/sdmx/data/ADB,DF_NA/A.NGDP_XDC+NGDP_R_XDC+NGDPVA_ISIC4_C_XDC+NEGS_XGDP_PS+NIGS_XGDP_PS.VIE+THA+INO+MAL+SIN?startPeriod=2005&format=sdmx-csv",DF_NA.csv,190,,National Economic and Social Development Council,Calendar Year,
THA,Thailand,nominal_gdp_lcu,GDP at current prices,2005,A,7.614413e+12,THB,current,,observed,A,NGDP_XDC,ADB,"https://kidb.adb.org/api/v5/sdmx/data/ADB,DF_NA/A.NGDP_XDC+NGDP_R_XDC+NGDPVA_ISIC4_C_XDC+NEGS_XGDP_PS+NIGS_XGDP_PS.VIE+THA+INO+MAL+SIN?startPeriod=2005&format=sdmx-csv",DF_NA.csv,65,,National Economic and Social Development Council,Calendar Year,
THA,Thailand,nominal_gdp_lcu,GDP at current prices,2006,A,8.400647e+12,THB,current,,observed,A,NGDP_XDC,ADB,"https://kidb.adb.org/api/v5/sdmx/data/ADB,DF_NA/A.NGDP_XDC+NGDP_R_XDC+NGDPVA_ISIC4_C_XDC+NEGS_XGDP_PS+NIGS_XGDP_PS.VIE+THA+INO+MAL+SIN?startPeriod=2005&format=sdmx-csv",DF_NA.csv,66,,National Economic and Social Development Council,Calendar Year,
THA,Thailand,nominal_gdp_lcu,GDP at current prices,2007,A,9.076303e+12,THB,current,,observed,A,NGDP_XDC,ADB,"https://kidb.adb.org/api/v5/sdmx/data/ADB,DF_NA/A.NGDP_XDC+NGDP_R_XDC+NGDPVA_ISIC4_C_XDC+NEGS_XGDP_PS+NIGS_XGDP_PS.VIE+THA+INO+MAL+SIN?startPeriod=2005&format=sdmx-csv",DF_NA.csv,67,,National Economic and Social Development Council,Calendar Year,
THA,Thailand,nominal_gdp_lcu,GDP at current prices,2008,A,9.706929e+12,THB,current,,observed,A,NGDP_XDC,ADB,"https://kidb.adb.org/api/v5/sdmx/data/ADB,DF_NA/A.NGDP_XDC+NGDP_R_XDC+NGDPVA_ISIC4_C_XDC+NEGS_XGDP_PS+NIGS_XGDP_PS.VIE+THA+INO+MAL+SIN?startPeriod=2005&format=sdmx-csv",DF_NA.csv,68,,National Economic and Social Development Council,Calendar Year,
THA,Thailand,nominal_gdp_lcu,GDP at current prices,2009,A,9.658664e+12,THB,current,,observed,A,NGDP_XDC,ADB,"https://kidb.adb.org/api/v5/sdmx/data/ADB,DF_NA/A.NGDP_XDC+NGDP_R_XDC+NGDPVA_ISIC4_C_XDC+NEGS_XGDP_PS+NIGS_XGDP_PS.VIE+THA+INO+MAL+SIN?startPeriod=2005&format=sdmx-csv",DF_NA.csv,69,,National Economic and Social Development Council,Calendar Year,
THA,Thailand,nominal_gdp_lcu,GDP at current prices,2010,A,1.0808142e+13,THB,current,,observed,A,NGDP_XDC,ADB,"https://kidb.adb.org/api/v5/sdmx/data/ADB,DF_NA/A.NGDP_XDC+NGDP_R_XDC+NGDPVA_ISIC4_C_XDC+NEGS_XGDP_PS+NIGS_XGDP_PS.VIE+THA+INO+MAL+SIN?startPeriod=2005&format=sdmx-csv",DF_NA.csv,70,,National Economic and Social Development Council,Calendar Year,
THA,Thailand,nominal_gdp_lcu,GDP at current prices,2011,A,1.1306907e+13,THB,current,,observed,A,NGDP_XDC,ADB,"https://kidb.adb.org/api/v5/sdmx/data/ADB,DF_NA/A.NGDP_XDC+NGDP_R_XDC+NGDPVA_ISIC4_C_XDC+NEGS_XGDP_PS+NIGS_XGDP_PS.VIE+THA+INO+MAL+SIN?startPeriod=2005&format=sdmx-csv",DF_NA.csv,71,,National Economic and Social Development Council,Calendar Year,
THA,Thailand,nominal_gdp_lcu,GDP at current prices,2012,A,1.2357344e+13,THB,current,,observed,A,NGDP_XDC,ADB,"https://kidb.adb.org/api/v5/sdmx/data/ADB,DF_NA/A.NGDP_XDC+NGDP_R_XDC+NGDPVA_ISIC4_C_XDC+NEGS_XGDP_PS+NIGS_XGDP_PS.VIE+THA+INO+MAL+SIN?startPeriod=2005&format=sdmx-csv",DF_NA.csv,72,,National Economic and Social Development Council,Calendar Year,
THA,Thailand,nominal_gdp_lcu,GDP at current prices,2013,A,1.2915159e+13,THB,current,,observed,A,NGDP_XDC,ADB,"https://kidb.adb.org/api/v5/sdmx/data/ADB,DF_NA/A.NGDP_XDC+NGDP_R_XDC+NGDPVA_ISIC4_C_XDC+NEGS_XGDP_PS+NIGS_XGDP_PS.VIE+THA+INO+MAL+SIN?startPeriod=2005&format=sdmx-csv",DF_NA.csv,73,,National Economic and Social Development Council,Calendar Year,
THA,Thailand,nominal_gdp_lcu,GDP at current prices,2014,A,1.3230306e+13,THB,current,,observed,A,NGDP_XDC,ADB,"https://kidb.adb.org/api/v5/sdmx/data/ADB,DF_NA/A.NGDP_XDC+NGDP_R_XDC+NGDPVA_ISIC4_C_XDC+NEGS_XGDP_PS+NIGS_XGDP_PS.VIE+THA+INO+MAL+SIN?startPeriod=2005&format=sdmx-csv",DF_NA.csv,74,,National Economic and Social Development Council,Calendar Year,
THA,Thailand,nominal_gdp_lcu,GDP at current prices,2015,A,1.3743478e+13,THB,current,,observed,A,NGDP_XDC,ADB,"https://kidb.adb.org/api/v5/sdmx/data/ADB,DF_NA/A.NGDP_XDC+NGDP_R_XDC+NGDPVA_ISIC4_C_XDC+NEGS_XGDP_PS+NIGS_XGDP_PS.VIE+THA+INO+MAL+SIN?startPeriod=2005&format=sdmx-csv",DF_NA.csv,75,,National Economic and Social Development Council,Calendar Year,
THA,Thailand,nominal_gdp_lcu,GDP at current prices,2016,A,1.4590337e+13,THB,current,,observed,A,NGDP_XDC,ADB,"https://kidb.adb.org/api/v5/sdmx/data/ADB,DF_NA/A.NGDP_XDC+NGDP_R_XDC+NGDPVA_ISIC4_C_XDC+NEGS_XGDP_PS+NIGS_XGDP_PS.VIE+THA+INO+MAL+SIN?startPeriod=2005&format=sdmx-csv",DF_NA.csv,76,,National Economic and Social Development Council,Calendar Year,
THA,Thailand,nominal_gdp_lcu,GDP at current prices,2017,A,1.5488664e+13,THB,current,,observed,A,NGDP_XDC,ADB,"https://kidb.adb.org/api/v5/sdmx/data/ADB,DF_NA/A.NGDP_XDC+NGDP_R_XDC+NGDPVA_ISIC4_C_XDC+NEGS_XGDP_PS+NIGS_XGDP_PS.VIE+THA+INO+MAL+SIN?startPeriod=2005&format=sdmx-csv",DF_NA.csv,77,,National Economic and Social Development Council,Calendar Year,
THA,Thailand,nominal_gdp_lcu,GDP at current prices,2018,A,1.637334e+13,THB,current,,observed,A,NGDP_XDC,ADB,"https://kidb.adb.org/api/v5/sdmx/data/ADB,DF_NA/A.NGDP_XDC+NGDP_R_XDC+NGDPVA_ISIC4_C_XDC+NEGS_XGDP_PS+NIGS_XGDP_PS.VIE+THA+INO+MAL+SIN?startPeriod=2005&format=sdmx-csv",DF_NA.csv,78,,National Economic and Social Development Council,Calendar Year,
THA,Thailand,nominal_gdp_lcu,GDP at current prices,2019,A,1.6889174e+13,THB,current,,observed,A,NGDP_XDC,ADB,"https://kidb.adb.org/api/v5/sdmx/data/ADB,DF_NA/A.NGDP_XDC+NGDP_R_XDC+NGDPVA_ISIC4_C_XDC+NEGS_XGDP_PS+NIGS_XGDP_PS.VIE+THA+INO+MAL+SIN?startPeriod=2005&format=sdmx-csv",DF_NA.csv,79,,National Economic and Social Development Council,Calendar Year,
THA,Thailand,nominal_gdp_lcu,GDP at current prices,2020,A,1.565544e+13,THB,current,,observed,A,NGDP_XDC,ADB,"https://kidb.adb.org/api/v5/sdmx/data/ADB,DF_NA/A.NGDP_XDC+NGDP_R_XDC+NGDPVA_ISIC4_C_XDC+NEGS_XGDP_PS+NIGS_XGDP_PS.VIE+THA+INO+MAL+SIN?startPeriod=2005&format=sdmx-csv",DF_NA.csv,80,,National Economic and Social Development Council,Calendar Year,
THA,Thailand,nominal_gdp_lcu,GDP at current prices,2021,A,1.6182001e+13,THB,current,,observed,A,NGDP_XDC,ADB,"https://kidb.adb.org/api/v5/sdmx/data/ADB,DF_NA/A.NGDP_XDC+NGDP_R_XDC+NGDPVA_ISIC4_C_XDC+NEGS_XGDP_PS+NIGS_XGDP_PS.VIE+THA+INO+MAL+SIN?startPeriod=2005&format=sdmx-csv",DF_NA.csv,81,,National Economic and Social Development Council,Calendar Year,
THA,Thailand,nominal_gdp_lcu,GDP at current prices,2022,A,1.7379625e+13,THB,current,,observed,A,NGDP_XDC,ADB,"https://kidb.adb.org/api/v5/sdmx/data/ADB,DF_NA/A.NGDP_XDC+NGDP_R_XDC+NGDPVA_ISIC4_C_XDC+NEGS_XGDP_PS+NIGS_XGDP_PS.VIE+THA+INO+MAL+SIN?startPeriod=2005&format=sdmx-csv",DF_NA.csv,82,,National Economic and Social Development Council,Calendar Year,
THA,Thailand,nominal_gdp_lcu,GDP at current prices,2023,A,1.7993197e+13,THB,current,,provisional,P,NGDP_XDC,ADB,"https://kidb.adb.org/api/v5/sdmx/data/ADB,DF_NA/A.NGDP_XDC+NGDP_R_XDC+NGDPVA_ISIC4_C_XDC+NEGS_XGDP_PS+NIGS_XGDP_PS.VIE+THA+INO+MAL+SIN?startPeriod=2005&format=sdmx-csv",DF_NA.csv,83,,National Economic and Social Development Council,Calendar Year,
THA,Thailand,nominal_gdp_lcu,GDP at current prices,2024,A,1.8683888e+13,THB,current,,provisional,P,NGDP_XDC,ADB,"https://kidb.adb.org/api/v5/sdmx/data/ADB,DF_NA/A.NGDP_XDC+NGDP_R_XDC+NGDPVA_ISIC4_C_XDC+NEGS_XGDP_PS+NIGS_XGDP_PS.VIE+THA+INO+MAL+SIN?startPeriod=2005&format=sdmx-csv",DF_NA.csv,84,,National Economic and Social Development Council,Calendar Year,
THA,Thailand,nominal_gdp_lcu,GDP at current prices,2025,A,1.8973709e+13,THB,current,,provisional,P,NGDP_XDC,ADB,"https://kidb.adb.org/api/v5/sdmx/data/ADB,DF_NA/A.NGDP_XDC+NGDP_R_XDC+NGDPVA_ISIC4_C_XDC+NEGS_XGDP_PS+NIGS_XGDP_PS.VIE+THA+INO+MAL+SIN?startPeriod=2005&format=sdmx-csv",DF_NA.csv,85,,National Economic and Social Development Council,Calendar Year,
THA,Thailand,reserves_months,Total reserves in months of imports,2005,A,4.35228452164,months,not_applicable,,unknown,,FI.RES.TOTL.MO,World Bank WDI,https://api.worldbank.org/v2/country/VNM;THA;IDN;MYS;SGP/indicator/FI.RES.TOTL.MO?format=json&per_page=20000&date=2005:2026,wb_reserves.json,,,WDI,,
THA,Thailand,reserves_months,Total reserves in months of imports,2006,A,5.08069119941,months,not_applicable,,unknown,,FI.RES.TOTL.MO,World Bank WDI,https://api.worldbank.org/v2/country/VNM;THA;IDN;MYS;SGP/indicator/FI.RES.TOTL.MO?format=json&per_page=20000&date=2005:2026,wb_reserves.json,,,WDI,,
THA,Thailand,reserves_months,Total reserves in months of imports,2007,A,5.93095596444,months,not_applicable,,unknown,,FI.RES.TOTL.MO,World Bank WDI,https://api.worldbank.org/v2/country/VNM;THA;IDN;MYS;SGP/indicator/FI.RES.TOTL.MO?format=json&per_page=20000&date=2005:2026,wb_reserves.json,,,WDI,,
THA,Thailand,reserves_months,Total reserves in months of imports,2008,A,6.08023546479,months,not_applicable,,unknown,,FI.RES.TOTL.MO,World Bank WDI,https://api.worldbank.org/v2/country/VNM;THA;IDN;MYS;SGP/indicator/FI.RES.TOTL.MO?format=json&per_page=20000&date=2005:2026,wb_reserves.json,,,WDI,,
THA,Thailand,reserves_months,Total reserves in months of imports,2009,A,9.81395828771,months,not_applicable,,unknown,,FI.RES.TOTL.MO,World Bank WDI,https://api.worldbank.org/v2/country/VNM;THA;IDN;MYS;SGP/indicator/FI.RES.TOTL.MO?format=json&per_page=20000&date=2005:2026,wb_reserves.json,,,WDI,,
THA,Thailand,reserves_months,Total reserves in months of imports,2010,A,9.07256013863,months,not_applicable,,unknown,,FI.RES.TOTL.MO,World Bank WDI,https://api.worldbank.org/v2/country/VNM;THA;IDN;MYS;SGP/indicator/FI.RES.TOTL.MO?format=json&per_page=20000&date=2005:2026,wb_reserves.json,,,WDI,,
THA,Thailand,reserves_months,Total reserves in months of imports,2011,A,7.74152006876,months,not_applicable,,unknown,,FI.RES.TOTL.MO,World Bank WDI,https://api.worldbank.org/v2/country/VNM;THA;IDN;MYS;SGP/indicator/FI.RES.TOTL.MO?format=json&per_page=20000&date=2005:2026,wb_reserves.json,,,WDI,,
THA,Thailand,reserves_months,Total reserves in months of imports,2012,A,7.26906226177,months,not_applicable,,unknown,,FI.RES.TOTL.MO,World Bank WDI,https://api.worldbank.org/v2/country/VNM;THA;IDN;MYS;SGP/indicator/FI.RES.TOTL.MO?format=json&per_page=20000&date=2005:2026,wb_reserves.json,,,WDI,,
THA,Thailand,reserves_months,Total reserves in months of imports,2013,A,6.51019841309,months,not_applicable,,unknown,,FI.RES.TOTL.MO,World Bank WDI,https://api.worldbank.org/v2/country/VNM;THA;IDN;MYS;SGP/indicator/FI.RES.TOTL.MO?format=json&per_page=20000&date=2005:2026,wb_reserves.json,,,WDI,,
THA,Thailand,reserves_months,Total reserves in months of imports,2014,A,6.66361179349,months,not_applicable,,unknown,,FI.RES.TOTL.MO,World Bank WDI,https://api.worldbank.org/v2/country/VNM;THA;IDN;MYS;SGP/indicator/FI.RES.TOTL.MO?format=json&per_page=20000&date=2005:2026,wb_reserves.json,,,WDI,,
THA,Thailand,reserves_months,Total reserves in months of imports,2015,A,7.35463205002,months,not_applicable,,unknown,,FI.RES.TOTL.MO,World Bank WDI,https://api.worldbank.org/v2/country/VNM;THA;IDN;MYS;SGP/indicator/FI.RES.TOTL.MO?format=json&per_page=20000&date=2005:2026,wb_reserves.json,,,WDI,,
THA,Thailand,reserves_months,Total reserves in months of imports,2016,A,8.34136438746,months,not_applicable,,unknown,,FI.RES.TOTL.MO,World Bank WDI,https://api.worldbank.org/v2/country/VNM;THA;IDN;MYS;SGP/indicator/FI.RES.TOTL.MO?format=json&per_page=20000&date=2005:2026,wb_reserves.json,,,WDI,,
THA,Thailand,reserves_months,Total reserves in months of imports,2017,A,8.78162959168,months,not_applicable,,unknown,,FI.RES.TOTL.MO,World Bank WDI,https://api.worldbank.org/v2/country/VNM;THA;IDN;MYS;SGP/indicator/FI.RES.TOTL.MO?format=json&per_page=20000&date=2005:2026,wb_reserves.json,,,WDI,,
THA,Thailand,reserves_months,Total reserves in months of imports,2018,A,7.78824916649,months,not_applicable,,unknown,,FI.RES.TOTL.MO,World Bank WDI,https://api.worldbank.org/v2/country/VNM;THA;IDN;MYS;SGP/indicator/FI.RES.TOTL.MO?format=json&per_page=20000&date=2005:2026,wb_reserves.json,,,WDI,,
THA,Thailand,reserves_months,Total reserves in months of imports,2019,A,8.90152084892,months,not_applicable,,unknown,,FI.RES.TOTL.MO,World Bank WDI,https://api.worldbank.org/v2/country/VNM;THA;IDN;MYS;SGP/indicator/FI.RES.TOTL.MO?format=json&per_page=20000&date=2005:2026,wb_reserves.json,,,WDI,,
THA,Thailand,reserves_months,Total reserves in months of imports,2020,A,12.2043932728,months,not_applicable,,unknown,,FI.RES.TOTL.MO,World Bank WDI,https://api.worldbank.org/v2/country/VNM;THA;IDN;MYS;SGP/indicator/FI.RES.TOTL.MO?format=json&per_page=20000&date=2005:2026,wb_reserves.json,,,WDI,,
THA,Thailand,reserves_months,Total reserves in months of imports,2021,A,9.01100320675,months,not_applicable,,unknown,,FI.RES.TOTL.MO,World Bank WDI,https://api.worldbank.org/v2/country/VNM;THA;IDN;MYS;SGP/indicator/FI.RES.TOTL.MO?format=json&per_page=20000&date=2005:2026,wb_reserves.json,,,WDI,,
THA,Thailand,reserves_months,Total reserves in months of imports,2022,A,7.1172243768,months,not_applicable,,unknown,,FI.RES.TOTL.MO,World Bank WDI,https://api.worldbank.org/v2/country/VNM;THA;IDN;MYS;SGP/indicator/FI.RES.TOTL.MO?format=json&per_page=20000&date=2005:2026,wb_reserves.json,,,WDI,,
THA,Thailand,reserves_months,Total reserves in months of imports,2023,A,7.56658893216,months,not_applicable,,unknown,,FI.RES.TOTL.MO,World Bank WDI,https://api.worldbank.org/v2/country/VNM;THA;IDN;MYS;SGP/indicator/FI.RES.TOTL.MO?format=json&per_page=20000&date=2005:2026,wb_reserves.json,,,WDI,,
THA,Thailand,reserves_months,Total reserves in months of imports,2024,A,7.45570372627,months,not_applicable,,unknown,,FI.RES.TOTL.MO,World Bank WDI,https://api.worldbank.org/v2/country/VNM;THA;IDN;MYS;SGP/indicator/FI.RES.TOTL.MO?format=json&per_page=20000&date=2005:2026,wb_reserves.json,,,WDI,,
THA,Thailand,reserves_months,Total reserves in months of imports,2025,A,8.02619323823,months,not_applicable,,unknown,,FI.RES.TOTL.MO,World Bank WDI,https://api.worldbank.org/v2/country/VNM;THA;IDN;MYS;SGP/indicator/FI.RES.TOTL.MO?format=json&per_page=20000&date=2005:2026,wb_reserves.json,,,WDI,,
VNM,Viet Nam,current_account_pct,Current account balance,2005,A,-1,percent_gdp,current,,observed,A,BCA_BP6_XGDP_PS,ADB,"https://kidb.adb.org/api/v5/sdmx/data/ADB,DF_GLOB_BOP/A.BCA_BP6_XGDP_PS.VIE+THA+INO+MAL+SIN?startPeriod=2005&format=sdmx-csv",DF_GLOB_BOP.csv,86,"2014-2025: Prior to 2014, data are based on the IMF's Balance of Payments Manual (fifth edition). For 2014 onward, data are based on the IMF's Balance of Payments and International Investment Position Manual (sixth edition).",State Bank of Viet Nam,Calendar Year,Balance of Payment Manual 5th Edition
VNM,Viet Nam,current_account_pct,Current account balance,2006,A,-0.2,percent_gdp,current,,observed,A,BCA_BP6_XGDP_PS,ADB,"https://kidb.adb.org/api/v5/sdmx/data/ADB,DF_GLOB_BOP/A.BCA_BP6_XGDP_PS.VIE+THA+INO+MAL+SIN?startPeriod=2005&format=sdmx-csv",DF_GLOB_BOP.csv,87,"2014-2025: Prior to 2014, data are based on the IMF's Balance of Payments Manual (fifth edition). For 2014 onward, data are based on the IMF's Balance of Payments and International Investment Position Manual (sixth edition).",State Bank of Viet Nam,Calendar Year,Balance of Payment Manual 5th Edition
VNM,Viet Nam,current_account_pct,Current account balance,2007,A,-9.2,percent_gdp,current,,observed,A,BCA_BP6_XGDP_PS,ADB,"https://kidb.adb.org/api/v5/sdmx/data/ADB,DF_GLOB_BOP/A.BCA_BP6_XGDP_PS.VIE+THA+INO+MAL+SIN?startPeriod=2005&format=sdmx-csv",DF_GLOB_BOP.csv,88,"2014-2025: Prior to 2014, data are based on the IMF's Balance of Payments Manual (fifth edition). For 2014 onward, data are based on the IMF's Balance of Payments and International Investment Position Manual (sixth edition).",State Bank of Viet Nam,Calendar Year,Balance of Payment Manual 5th Edition
VNM,Viet Nam,current_account_pct,Current account balance,2008,A,-10.9,percent_gdp,current,,observed,A,BCA_BP6_XGDP_PS,ADB,"https://kidb.adb.org/api/v5/sdmx/data/ADB,DF_GLOB_BOP/A.BCA_BP6_XGDP_PS.VIE+THA+INO+MAL+SIN?startPeriod=2005&format=sdmx-csv",DF_GLOB_BOP.csv,89,"2014-2025: Prior to 2014, data are based on the IMF's Balance of Payments Manual (fifth edition). For 2014 onward, data are based on the IMF's Balance of Payments and International Investment Position Manual (sixth edition).",State Bank of Viet Nam,Calendar Year,Balance of Payment Manual 5th Edition
VNM,Viet Nam,current_account_pct,Current account balance,2009,A,-6.2,percent_gdp,current,,observed,A,BCA_BP6_XGDP_PS,ADB,"https://kidb.adb.org/api/v5/sdmx/data/ADB,DF_GLOB_BOP/A.BCA_BP6_XGDP_PS.VIE+THA+INO+MAL+SIN?startPeriod=2005&format=sdmx-csv",DF_GLOB_BOP.csv,90,"2014-2025: Prior to 2014, data are based on the IMF's Balance of Payments Manual (fifth edition). For 2014 onward, data are based on the IMF's Balance of Payments and International Investment Position Manual (sixth edition).",State Bank of Viet Nam,Calendar Year,Balance of Payment Manual 5th Edition
VNM,Viet Nam,current_account_pct,Current account balance,2010,A,-2.9,percent_gdp,current,,observed,A,BCA_BP6_XGDP_PS,ADB,"https://kidb.adb.org/api/v5/sdmx/data/ADB,DF_GLOB_BOP/A.BCA_BP6_XGDP_PS.VIE+THA+INO+MAL+SIN?startPeriod=2005&format=sdmx-csv",DF_GLOB_BOP.csv,91,"2014-2025: Prior to 2014, data are based on the IMF's Balance of Payments Manual (fifth edition). For 2014 onward, data are based on the IMF's Balance of Payments and International Investment Position Manual (sixth edition).",State Bank of Viet Nam,Calendar Year,Balance of Payment Manual 5th Edition
VNM,Viet Nam,current_account_pct,Current account balance,2011,A,0.1,percent_gdp,current,,observed,A,BCA_BP6_XGDP_PS,ADB,"https://kidb.adb.org/api/v5/sdmx/data/ADB,DF_GLOB_BOP/A.BCA_BP6_XGDP_PS.VIE+THA+INO+MAL+SIN?startPeriod=2005&format=sdmx-csv",DF_GLOB_BOP.csv,92,"2014-2025: Prior to 2014, data are based on the IMF's Balance of Payments Manual (fifth edition). For 2014 onward, data are based on the IMF's Balance of Payments and International Investment Position Manual (sixth edition).",State Bank of Viet Nam,Calendar Year,Balance of Payment Manual 5th Edition
VNM,Viet Nam,current_account_pct,Current account balance,2012,A,4.7,percent_gdp,current,,observed,A,BCA_BP6_XGDP_PS,ADB,"https://kidb.adb.org/api/v5/sdmx/data/ADB,DF_GLOB_BOP/A.BCA_BP6_XGDP_PS.VIE+THA+INO+MAL+SIN?startPeriod=2005&format=sdmx-csv",DF_GLOB_BOP.csv,93,"2014-2025: Prior to 2014, data are based on the IMF's Balance of Payments Manual (fifth edition). For 2014 onward, data are based on the IMF's Balance of Payments and International Investment Position Manual (sixth edition).",State Bank of Viet Nam,Calendar Year,Balance of Payment Manual 5th Edition
VNM,Viet Nam,current_account_pct,Current account balance,2013,A,3.6,percent_gdp,current,,observed,A,BCA_BP6_XGDP_PS,ADB,"https://kidb.adb.org/api/v5/sdmx/data/ADB,DF_GLOB_BOP/A.BCA_BP6_XGDP_PS.VIE+THA+INO+MAL+SIN?startPeriod=2005&format=sdmx-csv",DF_GLOB_BOP.csv,94,"2014-2025: Prior to 2014, data are based on the IMF's Balance of Payments Manual (fifth edition). For 2014 onward, data are based on the IMF's Balance of Payments and International Investment Position Manual (sixth edition).",State Bank of Viet Nam,Calendar Year,Balance of Payment Manual 5th Edition
VNM,Viet Nam,current_account_pct,Current account balance,2014,A,3.7,percent_gdp,current,,unknown,B,BCA_BP6_XGDP_PS,ADB,"https://kidb.adb.org/api/v5/sdmx/data/ADB,DF_GLOB_BOP/A.BCA_BP6_XGDP_PS.VIE+THA+INO+MAL+SIN?startPeriod=2005&format=sdmx-csv",DF_GLOB_BOP.csv,95,"2014-2025: Prior to 2014, data are based on the IMF's Balance of Payments Manual (fifth edition). For 2014 onward, data are based on the IMF's Balance of Payments and International Investment Position Manual (sixth edition).",State Bank of Viet Nam,Calendar Year,Balance of Payment Manual 6th Edition
VNM,Viet Nam,current_account_pct,Current account balance,2015,A,-0.686615143,percent_gdp,current,,observed,A,BCA_BP6_XGDP_PS,ADB,"https://kidb.adb.org/api/v5/sdmx/data/ADB,DF_GLOB_BOP/A.BCA_BP6_XGDP_PS.VIE+THA+INO+MAL+SIN?startPeriod=2005&format=sdmx-csv",DF_GLOB_BOP.csv,96,"2014-2025: Prior to 2014, data are based on the IMF's Balance of Payments Manual (fifth edition). For 2014 onward, data are based on the IMF's Balance of Payments and International Investment Position Manual (sixth edition).",State Bank of Viet Nam,Calendar Year,Balance of Payment Manual 6th Edition
VNM,Viet Nam,current_account_pct,Current account balance,2016,A,0.341506673,percent_gdp,current,,observed,A,BCA_BP6_XGDP_PS,ADB,"https://kidb.adb.org/api/v5/sdmx/data/ADB,DF_GLOB_BOP/A.BCA_BP6_XGDP_PS.VIE+THA+INO+MAL+SIN?startPeriod=2005&format=sdmx-csv",DF_GLOB_BOP.csv,97,"2014-2025: Prior to 2014, data are based on the IMF's Balance of Payments Manual (fifth edition). For 2014 onward, data are based on the IMF's Balance of Payments and International Investment Position Manual (sixth edition).",State Bank of Viet Nam,Calendar Year,Balance of Payment Manual 6th Edition
VNM,Viet Nam,current_account_pct,Current account balance,2017,A,-0.578275824,percent_gdp,current,,observed,A,BCA_BP6_XGDP_PS,ADB,"https://kidb.adb.org/api/v5/sdmx/data/ADB,DF_GLOB_BOP/A.BCA_BP6_XGDP_PS.VIE+THA+INO+MAL+SIN?startPeriod=2005&format=sdmx-csv",DF_GLOB_BOP.csv,98,"2014-2025: Prior to 2014, data are based on the IMF's Balance of Payments Manual (fifth edition). For 2014 onward, data are based on the IMF's Balance of Payments and International Investment Position Manual (sixth edition).",State Bank of Viet Nam,Calendar Year,Balance of Payment Manual 6th Edition
VNM,Viet Nam,current_account_pct,Current account balance,2018,A,2.235683745,percent_gdp,current,,observed,A,BCA_BP6_XGDP_PS,ADB,"https://kidb.adb.org/api/v5/sdmx/data/ADB,DF_GLOB_BOP/A.BCA_BP6_XGDP_PS.VIE+THA+INO+MAL+SIN?startPeriod=2005&format=sdmx-csv",DF_GLOB_BOP.csv,99,"2014-2025: Prior to 2014, data are based on the IMF's Balance of Payments Manual (fifth edition). For 2014 onward, data are based on the IMF's Balance of Payments and International Investment Position Manual (sixth edition).",State Bank of Viet Nam,Calendar Year,Balance of Payment Manual 6th Edition
VNM,Viet Nam,current_account_pct,Current account balance,2019,A,3.730949823,percent_gdp,current,,observed,A,BCA_BP6_XGDP_PS,ADB,"https://kidb.adb.org/api/v5/sdmx/data/ADB,DF_GLOB_BOP/A.BCA_BP6_XGDP_PS.VIE+THA+INO+MAL+SIN?startPeriod=2005&format=sdmx-csv",DF_GLOB_BOP.csv,100,"2014-2025: Prior to 2014, data are based on the IMF's Balance of Payments Manual (fifth edition). For 2014 onward, data are based on the IMF's Balance of Payments and International Investment Position Manual (sixth edition).",State Bank of Viet Nam,Calendar Year,Balance of Payment Manual 6th Edition
VNM,Viet Nam,current_account_pct,Current account balance,2020,A,4.293920738,percent_gdp,current,,observed,A,BCA_BP6_XGDP_PS,ADB,"https://kidb.adb.org/api/v5/sdmx/data/ADB,DF_GLOB_BOP/A.BCA_BP6_XGDP_PS.VIE+THA+INO+MAL+SIN?startPeriod=2005&format=sdmx-csv",DF_GLOB_BOP.csv,101,"2014-2025: Prior to 2014, data are based on the IMF's Balance of Payments Manual (fifth edition). For 2014 onward, data are based on the IMF's Balance of Payments and International Investment Position Manual (sixth edition).",State Bank of Viet Nam,Calendar Year,Balance of Payment Manual 6th Edition
VNM,Viet Nam,current_account_pct,Current account balance,2021,A,-1.242026714,percent_gdp,current,,observed,A,BCA_BP6_XGDP_PS,ADB,"https://kidb.adb.org/api/v5/sdmx/data/ADB,DF_GLOB_BOP/A.BCA_BP6_XGDP_PS.VIE+THA+INO+MAL+SIN?startPeriod=2005&format=sdmx-csv",DF_GLOB_BOP.csv,102,"2014-2025: Prior to 2014, data are based on the IMF's Balance of Payments Manual (fifth edition). For 2014 onward, data are based on the IMF's Balance of Payments and International Investment Position Manual (sixth edition).",State Bank of Viet Nam,Calendar Year,Balance of Payment Manual 6th Edition
VNM,Viet Nam,current_account_pct,Current account balance,2022,A,0.324336446,percent_gdp,current,,observed,A,BCA_BP6_XGDP_PS,ADB,"https://kidb.adb.org/api/v5/sdmx/data/ADB,DF_GLOB_BOP/A.BCA_BP6_XGDP_PS.VIE+THA+INO+MAL+SIN?startPeriod=2005&format=sdmx-csv",DF_GLOB_BOP.csv,103,"2014-2025: Prior to 2014, data are based on the IMF's Balance of Payments Manual (fifth edition). For 2014 onward, data are based on the IMF's Balance of Payments and International Investment Position Manual (sixth edition).",State Bank of Viet Nam,Calendar Year,Balance of Payment Manual 6th Edition
VNM,Viet Nam,current_account_pct,Current account balance,2023,A,6.362748354,percent_gdp,current,,observed,A,BCA_BP6_XGDP_PS,ADB,"https://kidb.adb.org/api/v5/sdmx/data/ADB,DF_GLOB_BOP/A.BCA_BP6_XGDP_PS.VIE+THA+INO+MAL+SIN?startPeriod=2005&format=sdmx-csv",DF_GLOB_BOP.csv,104,"2014-2025: Prior to 2014, data are based on the IMF's Balance of Payments Manual (fifth edition). For 2014 onward, data are based on the IMF's Balance of Payments and International Investment Position Manual (sixth edition).",State Bank of Viet Nam,Calendar Year,Balance of Payment Manual 6th Edition
VNM,Viet Nam,current_account_pct,Current account balance,2024,A,6.380421197,percent_gdp,current,,observed,A,BCA_BP6_XGDP_PS,ADB,"https://kidb.adb.org/api/v5/sdmx/data/ADB,DF_GLOB_BOP/A.BCA_BP6_XGDP_PS.VIE+THA+INO+MAL+SIN?startPeriod=2005&format=sdmx-csv",DF_GLOB_BOP.csv,105,"2014-2025: Prior to 2014, data are based on the IMF's Balance of Payments Manual (fifth edition). For 2014 onward, data are based on the IMF's Balance of Payments and International Investment Position Manual (sixth edition).",State Bank of Viet Nam,Calendar Year,Balance of Payment Manual 6th Edition
VNM,Viet Nam,current_account_pct,Current account balance,2025,A,6.44189186,percent_gdp,current,,observed,A,BCA_BP6_XGDP_PS,ADB,"https://kidb.adb.org/api/v5/sdmx/data/ADB,DF_GLOB_BOP/A.BCA_BP6_XGDP_PS.VIE+THA+INO+MAL+SIN?startPeriod=2005&format=sdmx-csv",DF_GLOB_BOP.csv,106,"2014-2025: Prior to 2014, data are based on the IMF's Balance of Payments Manual (fifth edition). For 2014 onward, data are based on the IMF's Balance of Payments and International Investment Position Manual (sixth edition).",State Bank of Viet Nam,Calendar Year,Balance of Payment Manual 6th Edition
VNM,Viet Nam,exports_pct,Exports of goods and services,2005,A,63.69952,percent_gdp,current,,observed,A,NEGS_XGDP_PS,ADB,"https://kidb.adb.org/api/v5/sdmx/data/ADB,DF_NA/A.NGDP_XDC+NGDP_R_XDC+NGDPVA_ISIC4_C_XDC+NEGS_XGDP_PS+NIGS_XGDP_PS.VIE+THA+INO+MAL+SIN?startPeriod=2005&format=sdmx-csv",DF_NA.csv,296,"2005-2010: For 2000–2009, the GDP data series is based on unreassessed/unreevaluated scale. Starting 2010, the GDP data are based on the reevaluated scale.",National Statistics Office,Calendar Year,
VNM,Viet Nam,exports_pct,Exports of goods and services,2006,A,67.8176,percent_gdp,current,,observed,A,NEGS_XGDP_PS,ADB,"https://kidb.adb.org/api/v5/sdmx/data/ADB,DF_NA/A.NGDP_XDC+NGDP_R_XDC+NGDPVA_ISIC4_C_XDC+NEGS_XGDP_PS+NIGS_XGDP_PS.VIE+THA+INO+MAL+SIN?startPeriod=2005&format=sdmx-csv",DF_NA.csv,297,"2005-2010: For 2000–2009, the GDP data series is based on unreassessed/unreevaluated scale. Starting 2010, the GDP data are based on the reevaluated scale.",National Statistics Office,Calendar Year,
VNM,Viet Nam,exports_pct,Exports of goods and services,2007,A,71.09533,percent_gdp,current,,observed,A,NEGS_XGDP_PS,ADB,"https://kidb.adb.org/api/v5/sdmx/data/ADB,DF_NA/A.NGDP_XDC+NGDP_R_XDC+NGDPVA_ISIC4_C_XDC+NEGS_XGDP_PS+NIGS_XGDP_PS.VIE+THA+INO+MAL+SIN?startPeriod=2005&format=sdmx-csv",DF_NA.csv,298,"2005-2010: For 2000–2009, the GDP data series is based on unreassessed/unreevaluated scale. Starting 2010, the GDP data are based on the reevaluated scale.",National Statistics Office,Calendar Year,
VNM,Viet Nam,exports_pct,Exports of goods and services,2008,A,71.51323,percent_gdp,current,,observed,A,NEGS_XGDP_PS,ADB,"https://kidb.adb.org/api/v5/sdmx/data/ADB,DF_NA/A.NGDP_XDC+NGDP_R_XDC+NGDPVA_ISIC4_C_XDC+NEGS_XGDP_PS+NIGS_XGDP_PS.VIE+THA+INO+MAL+SIN?startPeriod=2005&format=sdmx-csv",DF_NA.csv,299,"2005-2010: For 2000–2009, the GDP data series is based on unreassessed/unreevaluated scale. Starting 2010, the GDP data are based on the reevaluated scale.",National Statistics Office,Calendar Year,
VNM,Viet Nam,exports_pct,Exports of goods and services,2009,A,62.97178745,percent_gdp,current,,observed,A,NEGS_XGDP_PS,ADB,"https://kidb.adb.org/api/v5/sdmx/data/ADB,DF_NA/A.NGDP_XDC+NGDP_R_XDC+NGDPVA_ISIC4_C_XDC+NEGS_XGDP_PS+NIGS_XGDP_PS.VIE+THA+INO+MAL+SIN?startPeriod=2005&format=sdmx-csv",DF_NA.csv,300,"2005-2010: For 2000–2009, the GDP data series is based on unreassessed/unreevaluated scale. Starting 2010, the GDP data are based on the reevaluated scale.",National Statistics Office,Calendar Year,
VNM,Viet Nam,exports_pct,Exports of goods and services,2010,A,54.1758454,percent_gdp,current,,unknown,B,NEGS_XGDP_PS,ADB,"https://kidb.adb.org/api/v5/sdmx/data/ADB,DF_NA/A.NGDP_XDC+NGDP_R_XDC+NGDPVA_ISIC4_C_XDC+NEGS_XGDP_PS+NIGS_XGDP_PS.VIE+THA+INO+MAL+SIN?startPeriod=2005&format=sdmx-csv",DF_NA.csv,301,"2005-2010: For 2000–2009, the GDP data series is based on unreassessed/unreevaluated scale. Starting 2010, the GDP data are based on the reevaluated scale.",National Statistics Office,Calendar Year,
VNM,Viet Nam,exports_pct,Exports of goods and services,2011,A,61.18015578,percent_gdp,current,,observed,A,NEGS_XGDP_PS,ADB,"https://kidb.adb.org/api/v5/sdmx/data/ADB,DF_NA/A.NGDP_XDC+NGDP_R_XDC+NGDPVA_ISIC4_C_XDC+NEGS_XGDP_PS+NIGS_XGDP_PS.VIE+THA+INO+MAL+SIN?startPeriod=2005&format=sdmx-csv",DF_NA.csv,302,"2005-2010: For 2000–2009, the GDP data series is based on unreassessed/unreevaluated scale. Starting 2010, the GDP data are based on the reevaluated scale.",National Statistics Office,Calendar Year,
VNM,Viet Nam,exports_pct,Exports of goods and services,2012,A,63.47392449,percent_gdp,current,,observed,A,NEGS_XGDP_PS,ADB,"https://kidb.adb.org/api/v5/sdmx/data/ADB,DF_NA/A.NGDP_XDC+NGDP_R_XDC+NGDPVA_ISIC4_C_XDC+NEGS_XGDP_PS+NIGS_XGDP_PS.VIE+THA+INO+MAL+SIN?startPeriod=2005&format=sdmx-csv",DF_NA.csv,303,"2005-2010: For 2000–2009, the GDP data series is based on unreassessed/unreevaluated scale. Starting 2010, the GDP data are based on the reevaluated scale.",National Statistics Office,Calendar Year,
VNM,Viet Nam,exports_pct,Exports of goods and services,2013,A,66.80044615,percent_gdp,current,,observed,A,NEGS_XGDP_PS,ADB,"https://kidb.adb.org/api/v5/sdmx/data/ADB,DF_NA/A.NGDP_XDC+NGDP_R_XDC+NGDPVA_ISIC4_C_XDC+NEGS_XGDP_PS+NIGS_XGDP_PS.VIE+THA+INO+MAL+SIN?startPeriod=2005&format=sdmx-csv",DF_NA.csv,304,"2005-2010: For 2000–2009, the GDP data series is based on unreassessed/unreevaluated scale. Starting 2010, the GDP data are based on the reevaluated scale.",National Statistics Office,Calendar Year,
VNM,Viet Nam,exports_pct,Exports of goods and services,2014,A,69.59857507,percent_gdp,current,,observed,A,NEGS_XGDP_PS,ADB,"https://kidb.adb.org/api/v5/sdmx/data/ADB,DF_NA/A.NGDP_XDC+NGDP_R_XDC+NGDPVA_ISIC4_C_XDC+NEGS_XGDP_PS+NIGS_XGDP_PS.VIE+THA+INO+MAL+SIN?startPeriod=2005&format=sdmx-csv",DF_NA.csv,305,"2005-2010: For 2000–2009, the GDP data series is based on unreassessed/unreevaluated scale. Starting 2010, the GDP data are based on the reevaluated scale.",National Statistics Office,Calendar Year,
VNM,Viet Nam,exports_pct,Exports of goods and services,2015,A,72.92285161,percent_gdp,current,,observed,A,NEGS_XGDP_PS,ADB,"https://kidb.adb.org/api/v5/sdmx/data/ADB,DF_NA/A.NGDP_XDC+NGDP_R_XDC+NGDPVA_ISIC4_C_XDC+NEGS_XGDP_PS+NIGS_XGDP_PS.VIE+THA+INO+MAL+SIN?startPeriod=2005&format=sdmx-csv",DF_NA.csv,306,"2005-2010: For 2000–2009, the GDP data series is based on unreassessed/unreevaluated scale. Starting 2010, the GDP data are based on the reevaluated scale.",National Statistics Office,Calendar Year,
VNM,Viet Nam,exports_pct,Exports of goods and services,2016,A,74.10728551,percent_gdp,current,,observed,A,NEGS_XGDP_PS,ADB,"https://kidb.adb.org/api/v5/sdmx/data/ADB,DF_NA/A.NGDP_XDC+NGDP_R_XDC+NGDPVA_ISIC4_C_XDC+NEGS_XGDP_PS+NIGS_XGDP_PS.VIE+THA+INO+MAL+SIN?startPeriod=2005&format=sdmx-csv",DF_NA.csv,307,"2005-2010: For 2000–2009, the GDP data series is based on unreassessed/unreevaluated scale. Starting 2010, the GDP data are based on the reevaluated scale.",National Statistics Office,Calendar Year,
VNM,Viet Nam,exports_pct,Exports of goods and services,2017,A,81.76252212,percent_gdp,current,,observed,A,NEGS_XGDP_PS,ADB,"https://kidb.adb.org/api/v5/sdmx/data/ADB,DF_NA/A.NGDP_XDC+NGDP_R_XDC+NGDPVA_ISIC4_C_XDC+NEGS_XGDP_PS+NIGS_XGDP_PS.VIE+THA+INO+MAL+SIN?startPeriod=2005&format=sdmx-csv",DF_NA.csv,308,"2005-2010: For 2000–2009, the GDP data series is based on unreassessed/unreevaluated scale. Starting 2010, the GDP data are based on the reevaluated scale.",National Statistics Office,Calendar Year,
VNM,Viet Nam,exports_pct,Exports of goods and services,2018,A,84.42345602,percent_gdp,current,,observed,A,NEGS_XGDP_PS,ADB,"https://kidb.adb.org/api/v5/sdmx/data/ADB,DF_NA/A.NGDP_XDC+NGDP_R_XDC+NGDPVA_ISIC4_C_XDC+NEGS_XGDP_PS+NIGS_XGDP_PS.VIE+THA+INO+MAL+SIN?startPeriod=2005&format=sdmx-csv",DF_NA.csv,309,"2005-2010: For 2000–2009, the GDP data series is based on unreassessed/unreevaluated scale. Starting 2010, the GDP data are based on the reevaluated scale.",National Statistics Office,Calendar Year,
VNM,Viet Nam,exports_pct,Exports of goods and services,2019,A,85.1575871,percent_gdp,current,,observed,A,NEGS_XGDP_PS,ADB,"https://kidb.adb.org/api/v5/sdmx/data/ADB,DF_NA/A.NGDP_XDC+NGDP_R_XDC+NGDPVA_ISIC4_C_XDC+NEGS_XGDP_PS+NIGS_XGDP_PS.VIE+THA+INO+MAL+SIN?startPeriod=2005&format=sdmx-csv",DF_NA.csv,310,"2005-2010: For 2000–2009, the GDP data series is based on unreassessed/unreevaluated scale. Starting 2010, the GDP data are based on the reevaluated scale.",National Statistics Office,Calendar Year,
VNM,Viet Nam,exports_pct,Exports of goods and services,2020,A,84.38159765,percent_gdp,current,,observed,A,NEGS_XGDP_PS,ADB,"https://kidb.adb.org/api/v5/sdmx/data/ADB,DF_NA/A.NGDP_XDC+NGDP_R_XDC+NGDPVA_ISIC4_C_XDC+NEGS_XGDP_PS+NIGS_XGDP_PS.VIE+THA+INO+MAL+SIN?startPeriod=2005&format=sdmx-csv",DF_NA.csv,311,"2005-2010: For 2000–2009, the GDP data series is based on unreassessed/unreevaluated scale. Starting 2010, the GDP data are based on the reevaluated scale.",National Statistics Office,Calendar Year,
VNM,Viet Nam,exports_pct,Exports of goods and services,2021,A,93.85,percent_gdp,current,,observed,A,NEGS_XGDP_PS,ADB,"https://kidb.adb.org/api/v5/sdmx/data/ADB,DF_NA/A.NGDP_XDC+NGDP_R_XDC+NGDPVA_ISIC4_C_XDC+NEGS_XGDP_PS+NIGS_XGDP_PS.VIE+THA+INO+MAL+SIN?startPeriod=2005&format=sdmx-csv",DF_NA.csv,312,"2005-2010: For 2000–2009, the GDP data series is based on unreassessed/unreevaluated scale. Starting 2010, the GDP data are based on the reevaluated scale.",National Statistics Office,Calendar Year,
VNM,Viet Nam,exports_pct,Exports of goods and services,2022,A,93.42012924,percent_gdp,current,,observed,A,NEGS_XGDP_PS,ADB,"https://kidb.adb.org/api/v5/sdmx/data/ADB,DF_NA/A.NGDP_XDC+NGDP_R_XDC+NGDPVA_ISIC4_C_XDC+NEGS_XGDP_PS+NIGS_XGDP_PS.VIE+THA+INO+MAL+SIN?startPeriod=2005&format=sdmx-csv",DF_NA.csv,313,"2005-2010: For 2000–2009, the GDP data series is based on unreassessed/unreevaluated scale. Starting 2010, the GDP data are based on the reevaluated scale.",National Statistics Office,Calendar Year,
VNM,Viet Nam,exports_pct,Exports of goods and services,2023,A,86.73666355,percent_gdp,current,,observed,A,NEGS_XGDP_PS,ADB,"https://kidb.adb.org/api/v5/sdmx/data/ADB,DF_NA/A.NGDP_XDC+NGDP_R_XDC+NGDPVA_ISIC4_C_XDC+NEGS_XGDP_PS+NIGS_XGDP_PS.VIE+THA+INO+MAL+SIN?startPeriod=2005&format=sdmx-csv",DF_NA.csv,314,"2005-2010: For 2000–2009, the GDP data series is based on unreassessed/unreevaluated scale. Starting 2010, the GDP data are based on the reevaluated scale.",National Statistics Office,Calendar Year,
VNM,Viet Nam,exports_pct,Exports of goods and services,2024,A,90.59622006,percent_gdp,current,,observed,A,NEGS_XGDP_PS,ADB,"https://kidb.adb.org/api/v5/sdmx/data/ADB,DF_NA/A.NGDP_XDC+NGDP_R_XDC+NGDPVA_ISIC4_C_XDC+NEGS_XGDP_PS+NIGS_XGDP_PS.VIE+THA+INO+MAL+SIN?startPeriod=2005&format=sdmx-csv",DF_NA.csv,315,"2005-2010: For 2000–2009, the GDP data series is based on unreassessed/unreevaluated scale. Starting 2010, the GDP data are based on the reevaluated scale.",National Statistics Office,Calendar Year,
VNM,Viet Nam,exports_pct,Exports of goods and services,2025,A,98.24440786,percent_gdp,current,,observed,A,NEGS_XGDP_PS,ADB,"https://kidb.adb.org/api/v5/sdmx/data/ADB,DF_NA/A.NGDP_XDC+NGDP_R_XDC+NGDPVA_ISIC4_C_XDC+NEGS_XGDP_PS+NIGS_XGDP_PS.VIE+THA+INO+MAL+SIN?startPeriod=2005&format=sdmx-csv",DF_NA.csv,316,"2005-2010: For 2000–2009, the GDP data series is based on unreassessed/unreevaluated scale. Starting 2010, the GDP data are based on the reevaluated scale.",National Statistics Office,Calendar Year,
VNM,Viet Nam,imports_pct,Imports of goods and services,2005,A,67.01535,percent_gdp,current,,observed,A,NIGS_XGDP_PS,ADB,"https://kidb.adb.org/api/v5/sdmx/data/ADB,DF_NA/A.NGDP_XDC+NGDP_R_XDC+NGDPVA_ISIC4_C_XDC+NEGS_XGDP_PS+NIGS_XGDP_PS.VIE+THA+INO+MAL+SIN?startPeriod=2005&format=sdmx-csv",DF_NA.csv,401,"2005-2010: For 2000–2009, the GDP data series is based on unreassessed/unreevaluated scale. Starting 2010, the GDP data are based on the reevaluated scale.",National Statistics Office,Calendar Year,
VNM,Viet Nam,imports_pct,Imports of goods and services,2006,A,70.72582,percent_gdp,current,,observed,A,NIGS_XGDP_PS,ADB,"https://kidb.adb.org/api/v5/sdmx/data/ADB,DF_NA/A.NGDP_XDC+NGDP_R_XDC+NGDPVA_ISIC4_C_XDC+NEGS_XGDP_PS+NIGS_XGDP_PS.VIE+THA+INO+MAL+SIN?startPeriod=2005&format=sdmx-csv",DF_NA.csv,402,"2005-2010: For 2000–2009, the GDP data series is based on unreassessed/unreevaluated scale. Starting 2010, the GDP data are based on the reevaluated scale.",National Statistics Office,Calendar Year,
VNM,Viet Nam,imports_pct,Imports of goods and services,2007,A,84.66495,percent_gdp,current,,observed,A,NIGS_XGDP_PS,ADB,"https://kidb.adb.org/api/v5/sdmx/data/ADB,DF_NA/A.NGDP_XDC+NGDP_R_XDC+NGDPVA_ISIC4_C_XDC+NEGS_XGDP_PS+NIGS_XGDP_PS.VIE+THA+INO+MAL+SIN?startPeriod=2005&format=sdmx-csv",DF_NA.csv,403,"2005-2010: For 2000–2009, the GDP data series is based on unreassessed/unreevaluated scale. Starting 2010, the GDP data are based on the reevaluated scale.",National Statistics Office,Calendar Year,
VNM,Viet Nam,imports_pct,Imports of goods and services,2008,A,85.15733,percent_gdp,current,,observed,A,NIGS_XGDP_PS,ADB,"https://kidb.adb.org/api/v5/sdmx/data/ADB,DF_NA/A.NGDP_XDC+NGDP_R_XDC+NGDPVA_ISIC4_C_XDC+NEGS_XGDP_PS+NIGS_XGDP_PS.VIE+THA+INO+MAL+SIN?startPeriod=2005&format=sdmx-csv",DF_NA.csv,404,"2005-2010: For 2000–2009, the GDP data series is based on unreassessed/unreevaluated scale. Starting 2010, the GDP data are based on the reevaluated scale.",National Statistics Office,Calendar Year,
VNM,Viet Nam,imports_pct,Imports of goods and services,2009,A,73.33891699,percent_gdp,current,,observed,A,NIGS_XGDP_PS,ADB,"https://kidb.adb.org/api/v5/sdmx/data/ADB,DF_NA/A.NGDP_XDC+NGDP_R_XDC+NGDPVA_ISIC4_C_XDC+NEGS_XGDP_PS+NIGS_XGDP_PS.VIE+THA+INO+MAL+SIN?startPeriod=2005&format=sdmx-csv",DF_NA.csv,405,"2005-2010: For 2000–2009, the GDP data series is based on unreassessed/unreevaluated scale. Starting 2010, the GDP data are based on the reevaluated scale.",National Statistics Office,Calendar Year,
VNM,Viet Nam,imports_pct,Imports of goods and services,2010,A,59.8018426,percent_gdp,current,,unknown,B,NIGS_XGDP_PS,ADB,"https://kidb.adb.org/api/v5/sdmx/data/ADB,DF_NA/A.NGDP_XDC+NGDP_R_XDC+NGDPVA_ISIC4_C_XDC+NEGS_XGDP_PS+NIGS_XGDP_PS.VIE+THA+INO+MAL+SIN?startPeriod=2005&format=sdmx-csv",DF_NA.csv,406,"2005-2010: For 2000–2009, the GDP data series is based on unreassessed/unreevaluated scale. Starting 2010, the GDP data are based on the reevaluated scale.",National Statistics Office,Calendar Year,
VNM,Viet Nam,imports_pct,Imports of goods and services,2011,A,64.08042252,percent_gdp,current,,observed,A,NIGS_XGDP_PS,ADB,"https://kidb.adb.org/api/v5/sdmx/data/ADB,DF_NA/A.NGDP_XDC+NGDP_R_XDC+NGDPVA_ISIC4_C_XDC+NEGS_XGDP_PS+NIGS_XGDP_PS.VIE+THA+INO+MAL+SIN?startPeriod=2005&format=sdmx-csv",DF_NA.csv,407,"2005-2010: For 2000–2009, the GDP data series is based on unreassessed/unreevaluated scale. Starting 2010, the GDP data are based on the reevaluated scale.",National Statistics Office,Calendar Year,
VNM,Viet Nam,imports_pct,Imports of goods and services,2012,A,59.75019225,percent_gdp,current,,observed,A,NIGS_XGDP_PS,ADB,"https://kidb.adb.org/api/v5/sdmx/data/ADB,DF_NA/A.NGDP_XDC+NGDP_R_XDC+NGDPVA_ISIC4_C_XDC+NEGS_XGDP_PS+NIGS_XGDP_PS.VIE+THA+INO+MAL+SIN?startPeriod=2005&format=sdmx-csv",DF_NA.csv,408,"2005-2010: For 2000–2009, the GDP data series is based on unreassessed/unreevaluated scale. Starting 2010, the GDP data are based on the reevaluated scale.",National Statistics Office,Calendar Year,
VNM,Viet Nam,imports_pct,Imports of goods and services,2013,A,64.04590912,percent_gdp,current,,observed,A,NIGS_XGDP_PS,ADB,"https://kidb.adb.org/api/v5/sdmx/data/ADB,DF_NA/A.NGDP_XDC+NGDP_R_XDC+NGDPVA_ISIC4_C_XDC+NEGS_XGDP_PS+NIGS_XGDP_PS.VIE+THA+INO+MAL+SIN?startPeriod=2005&format=sdmx-csv",DF_NA.csv,409,"2005-2010: For 2000–2009, the GDP data series is based on unreassessed/unreevaluated scale. Starting 2010, the GDP data are based on the reevaluated scale.",National Statistics Office,Calendar Year,
VNM,Viet Nam,imports_pct,Imports of goods and services,2014,A,65.81194553,percent_gdp,current,,observed,A,NIGS_XGDP_PS,ADB,"https://kidb.adb.org/api/v5/sdmx/data/ADB,DF_NA/A.NGDP_XDC+NGDP_R_XDC+NGDPVA_ISIC4_C_XDC+NEGS_XGDP_PS+NIGS_XGDP_PS.VIE+THA+INO+MAL+SIN?startPeriod=2005&format=sdmx-csv",DF_NA.csv,410,"2005-2010: For 2000–2009, the GDP data series is based on unreassessed/unreevaluated scale. Starting 2010, the GDP data are based on the reevaluated scale.",National Statistics Office,Calendar Year,
VNM,Viet Nam,imports_pct,Imports of goods and services,2015,A,71.99137627,percent_gdp,current,,observed,A,NIGS_XGDP_PS,ADB,"https://kidb.adb.org/api/v5/sdmx/data/ADB,DF_NA/A.NGDP_XDC+NGDP_R_XDC+NGDPVA_ISIC4_C_XDC+NEGS_XGDP_PS+NIGS_XGDP_PS.VIE+THA+INO+MAL+SIN?startPeriod=2005&format=sdmx-csv",DF_NA.csv,411,"2005-2010: For 2000–2009, the GDP data series is based on unreassessed/unreevaluated scale. Starting 2010, the GDP data are based on the reevaluated scale.",National Statistics Office,Calendar Year,
VNM,Viet Nam,imports_pct,Imports of goods and services,2016,A,71.30222164,percent_gdp,current,,observed,A,NIGS_XGDP_PS,ADB,"https://kidb.adb.org/api/v5/sdmx/data/ADB,DF_NA/A.NGDP_XDC+NGDP_R_XDC+NGDPVA_ISIC4_C_XDC+NEGS_XGDP_PS+NIGS_XGDP_PS.VIE+THA+INO+MAL+SIN?startPeriod=2005&format=sdmx-csv",DF_NA.csv,412,"2005-2010: For 2000–2009, the GDP data series is based on unreassessed/unreevaluated scale. Starting 2010, the GDP data are based on the reevaluated scale.",National Statistics Office,Calendar Year,
VNM,Viet Nam,imports_pct,Imports of goods and services,2017,A,79.21756138,percent_gdp,current,,observed,A,NIGS_XGDP_PS,ADB,"https://kidb.adb.org/api/v5/sdmx/data/ADB,DF_NA/A.NGDP_XDC+NGDP_R_XDC+NGDPVA_ISIC4_C_XDC+NEGS_XGDP_PS+NIGS_XGDP_PS.VIE+THA+INO+MAL+SIN?startPeriod=2005&format=sdmx-csv",DF_NA.csv,413,"2005-2010: For 2000–2009, the GDP data series is based on unreassessed/unreevaluated scale. Starting 2010, the GDP data are based on the reevaluated scale.",National Statistics Office,Calendar Year,
VNM,Viet Nam,imports_pct,Imports of goods and services,2018,A,80.24048073,percent_gdp,current,,observed,A,NIGS_XGDP_PS,ADB,"https://kidb.adb.org/api/v5/sdmx/data/ADB,DF_NA/A.NGDP_XDC+NGDP_R_XDC+NGDPVA_ISIC4_C_XDC+NEGS_XGDP_PS+NIGS_XGDP_PS.VIE+THA+INO+MAL+SIN?startPeriod=2005&format=sdmx-csv",DF_NA.csv,414,"2005-2010: For 2000–2009, the GDP data series is based on unreassessed/unreevaluated scale. Starting 2010, the GDP data are based on the reevaluated scale.",National Statistics Office,Calendar Year,
VNM,Viet Nam,imports_pct,Imports of goods and services,2019,A,79.54662743,percent_gdp,current,,observed,A,NIGS_XGDP_PS,ADB,"https://kidb.adb.org/api/v5/sdmx/data/ADB,DF_NA/A.NGDP_XDC+NGDP_R_XDC+NGDPVA_ISIC4_C_XDC+NEGS_XGDP_PS+NIGS_XGDP_PS.VIE+THA+INO+MAL+SIN?startPeriod=2005&format=sdmx-csv",DF_NA.csv,415,"2005-2010: For 2000–2009, the GDP data series is based on unreassessed/unreevaluated scale. Starting 2010, the GDP data are based on the reevaluated scale.",National Statistics Office,Calendar Year,
VNM,Viet Nam,imports_pct,Imports of goods and services,2020,A,78.86426525,percent_gdp,current,,observed,A,NIGS_XGDP_PS,ADB,"https://kidb.adb.org/api/v5/sdmx/data/ADB,DF_NA/A.NGDP_XDC+NGDP_R_XDC+NGDPVA_ISIC4_C_XDC+NEGS_XGDP_PS+NIGS_XGDP_PS.VIE+THA+INO+MAL+SIN?startPeriod=2005&format=sdmx-csv",DF_NA.csv,416,"2005-2010: For 2000–2009, the GDP data series is based on unreassessed/unreevaluated scale. Starting 2010, the GDP data are based on the reevaluated scale.",National Statistics Office,Calendar Year,
VNM,Viet Nam,imports_pct,Imports of goods and services,2021,A,92.83,percent_gdp,current,,observed,A,NIGS_XGDP_PS,ADB,"https://kidb.adb.org/api/v5/sdmx/data/ADB,DF_NA/A.NGDP_XDC+NGDP_R_XDC+NGDPVA_ISIC4_C_XDC+NEGS_XGDP_PS+NIGS_XGDP_PS.VIE+THA+INO+MAL+SIN?startPeriod=2005&format=sdmx-csv",DF_NA.csv,417,"2005-2010: For 2000–2009, the GDP data series is based on unreassessed/unreevaluated scale. Starting 2010, the GDP data are based on the reevaluated scale.",National Statistics Office,Calendar Year,
VNM,Viet Nam,imports_pct,Imports of goods and services,2022,A,89.73348998,percent_gdp,current,,observed,A,NIGS_XGDP_PS,ADB,"https://kidb.adb.org/api/v5/sdmx/data/ADB,DF_NA/A.NGDP_XDC+NGDP_R_XDC+NGDPVA_ISIC4_C_XDC+NEGS_XGDP_PS+NIGS_XGDP_PS.VIE+THA+INO+MAL+SIN?startPeriod=2005&format=sdmx-csv",DF_NA.csv,418,"2005-2010: For 2000–2009, the GDP data series is based on unreassessed/unreevaluated scale. Starting 2010, the GDP data are based on the reevaluated scale.",National Statistics Office,Calendar Year,
VNM,Viet Nam,imports_pct,Imports of goods and services,2023,A,78.25892146,percent_gdp,current,,observed,A,NIGS_XGDP_PS,ADB,"https://kidb.adb.org/api/v5/sdmx/data/ADB,DF_NA/A.NGDP_XDC+NGDP_R_XDC+NGDPVA_ISIC4_C_XDC+NEGS_XGDP_PS+NIGS_XGDP_PS.VIE+THA+INO+MAL+SIN?startPeriod=2005&format=sdmx-csv",DF_NA.csv,419,"2005-2010: For 2000–2009, the GDP data series is based on unreassessed/unreevaluated scale. Starting 2010, the GDP data are based on the reevaluated scale.",National Statistics Office,Calendar Year,
VNM,Viet Nam,imports_pct,Imports of goods and services,2024,A,83.63017933,percent_gdp,current,,observed,A,NIGS_XGDP_PS,ADB,"https://kidb.adb.org/api/v5/sdmx/data/ADB,DF_NA/A.NGDP_XDC+NGDP_R_XDC+NGDPVA_ISIC4_C_XDC+NEGS_XGDP_PS+NIGS_XGDP_PS.VIE+THA+INO+MAL+SIN?startPeriod=2005&format=sdmx-csv",DF_NA.csv,420,"2005-2010: For 2000–2009, the GDP data series is based on unreassessed/unreevaluated scale. Starting 2010, the GDP data are based on the reevaluated scale.",National Statistics Office,Calendar Year,
VNM,Viet Nam,imports_pct,Imports of goods and services,2025,A,92.09240095,percent_gdp,current,,observed,A,NIGS_XGDP_PS,ADB,"https://kidb.adb.org/api/v5/sdmx/data/ADB,DF_NA/A.NGDP_XDC+NGDP_R_XDC+NGDPVA_ISIC4_C_XDC+NEGS_XGDP_PS+NIGS_XGDP_PS.VIE+THA+INO+MAL+SIN?startPeriod=2005&format=sdmx-csv",DF_NA.csv,421,"2005-2010: For 2000–2009, the GDP data series is based on unreassessed/unreevaluated scale. Starting 2010, the GDP data are based on the reevaluated scale.",National Statistics Office,Calendar Year,
VNM,Viet Nam,manufacturing_lcu,Manufacturing at current prices,2005,A,1.72045e+14,VND,current,,observed,A,NGDPVA_ISIC4_C_XDC,ADB,"https://kidb.adb.org/api/v5/sdmx/data/ADB,DF_NA/A.NGDP_XDC+NGDP_R_XDC+NGDPVA_ISIC4_C_XDC+NEGS_XGDP_PS+NIGS_XGDP_PS.VIE+THA+INO+MAL+SIN?startPeriod=2005&format=sdmx-csv",DF_NA.csv,191,"2005-2010: For 2000–2009, the GDP data series is based on unreassessed/unreevaluated scale. Starting 2010, the GDP data are based on the reevaluated scale.",National Statistics Office,Calendar Year,
VNM,Viet Nam,manufacturing_lcu,Manufacturing at current prices,2006,A,2.05739e+14,VND,current,,observed,A,NGDPVA_ISIC4_C_XDC,ADB,"https://kidb.adb.org/api/v5/sdmx/data/ADB,DF_NA/A.NGDP_XDC+NGDP_R_XDC+NGDPVA_ISIC4_C_XDC+NEGS_XGDP_PS+NIGS_XGDP_PS.VIE+THA+INO+MAL+SIN?startPeriod=2005&format=sdmx-csv",DF_NA.csv,192,"2005-2010: For 2000–2009, the GDP data series is based on unreassessed/unreevaluated scale. Starting 2010, the GDP data are based on the reevaluated scale.",National Statistics Office,Calendar Year,
VNM,Viet Nam,manufacturing_lcu,Manufacturing at current prices,2007,A,2.41629e+14,VND,current,,observed,A,NGDPVA_ISIC4_C_XDC,ADB,"https://kidb.adb.org/api/v5/sdmx/data/ADB,DF_NA/A.NGDP_XDC+NGDP_R_XDC+NGDPVA_ISIC4_C_XDC+NEGS_XGDP_PS+NIGS_XGDP_PS.VIE+THA+INO+MAL+SIN?startPeriod=2005&format=sdmx-csv",DF_NA.csv,193,"2005-2010: For 2000–2009, the GDP data series is based on unreassessed/unreevaluated scale. Starting 2010, the GDP data are based on the reevaluated scale.",National Statistics Office,Calendar Year,
VNM,Viet Nam,manufacturing_lcu,Manufacturing at current prices,2008,A,3.00256e+14,VND,current,,observed,A,NGDPVA_ISIC4_C_XDC,ADB,"https://kidb.adb.org/api/v5/sdmx/data/ADB,DF_NA/A.NGDP_XDC+NGDP_R_XDC+NGDPVA_ISIC4_C_XDC+NEGS_XGDP_PS+NIGS_XGDP_PS.VIE+THA+INO+MAL+SIN?startPeriod=2005&format=sdmx-csv",DF_NA.csv,194,"2005-2010: For 2000–2009, the GDP data series is based on unreassessed/unreevaluated scale. Starting 2010, the GDP data are based on the reevaluated scale.",National Statistics Office,Calendar Year,
VNM,Viet Nam,manufacturing_lcu,Manufacturing at current prices,2009,A,3.31093e+14,VND,current,,observed,A,NGDPVA_ISIC4_C_XDC,ADB,"https://kidb.adb.org/api/v5/sdmx/data/ADB,DF_NA/A.NGDP_XDC+NGDP_R_XDC+NGDPVA_ISIC4_C_XDC+NEGS_XGDP_PS+NIGS_XGDP_PS.VIE+THA+INO+MAL+SIN?startPeriod=2005&format=sdmx-csv",DF_NA.csv,195,"2005-2010: For 2000–2009, the GDP data series is based on unreassessed/unreevaluated scale. Starting 2010, the GDP data are based on the reevaluated scale.",National Statistics Office,Calendar Year,
VNM,Viet Nam,manufacturing_lcu,Manufacturing at current prices,2010,A,4.6935077e+14,VND,current,,unknown,B,NGDPVA_ISIC4_C_XDC,ADB,"https://kidb.adb.org/api/v5/sdmx/data/ADB,DF_NA/A.NGDP_XDC+NGDP_R_XDC+NGDPVA_ISIC4_C_XDC+NEGS_XGDP_PS+NIGS_XGDP_PS.VIE+THA+INO+MAL+SIN?startPeriod=2005&format=sdmx-csv",DF_NA.csv,196,"2005-2010: For 2000–2009, the GDP data series is based on unreassessed/unreevaluated scale. Starting 2010, the GDP data are based on the reevaluated scale.",National Statistics Office,Calendar Year,
VNM,Viet Nam,manufacturing_lcu,Manufacturing at current prices,2011,A,6.6175056e+14,VND,current,,observed,A,NGDPVA_ISIC4_C_XDC,ADB,"https://kidb.adb.org/api/v5/sdmx/data/ADB,DF_NA/A.NGDP_XDC+NGDP_R_XDC+NGDPVA_ISIC4_C_XDC+NEGS_XGDP_PS+NIGS_XGDP_PS.VIE+THA+INO+MAL+SIN?startPeriod=2005&format=sdmx-csv",DF_NA.csv,197,"2005-2010: For 2000–2009, the GDP data series is based on unreassessed/unreevaluated scale. Starting 2010, the GDP data are based on the reevaluated scale.",National Statistics Office,Calendar Year,
VNM,Viet Nam,manufacturing_lcu,Manufacturing at current prices,2012,A,8.2591833e+14,VND,current,,observed,A,NGDPVA_ISIC4_C_XDC,ADB,"https://kidb.adb.org/api/v5/sdmx/data/ADB,DF_NA/A.NGDP_XDC+NGDP_R_XDC+NGDPVA_ISIC4_C_XDC+NEGS_XGDP_PS+NIGS_XGDP_PS.VIE+THA+INO+MAL+SIN?startPeriod=2005&format=sdmx-csv",DF_NA.csv,198,"2005-2010: For 2000–2009, the GDP data series is based on unreassessed/unreevaluated scale. Starting 2010, the GDP data are based on the reevaluated scale.",National Statistics Office,Calendar Year,
VNM,Viet Nam,manufacturing_lcu,Manufacturing at current prices,2013,A,9.2548543e+14,VND,current,,observed,A,NGDPVA_ISIC4_C_XDC,ADB,"https://kidb.adb.org/api/v5/sdmx/data/ADB,DF_NA/A.NGDP_XDC+NGDP_R_XDC+NGDPVA_ISIC4_C_XDC+NEGS_XGDP_PS+NIGS_XGDP_PS.VIE+THA+INO+MAL+SIN?startPeriod=2005&format=sdmx-csv",DF_NA.csv,199,"2005-2010: For 2000–2009, the GDP data series is based on unreassessed/unreevaluated scale. Starting 2010, the GDP data are based on the reevaluated scale.",National Statistics Office,Calendar Year,
VNM,Viet Nam,manufacturing_lcu,Manufacturing at current prices,2014,A,1.00573404e+15,VND,current,,observed,A,NGDPVA_ISIC4_C_XDC,ADB,"https://kidb.adb.org/api/v5/sdmx/data/ADB,DF_NA/A.NGDP_XDC+NGDP_R_XDC+NGDPVA_ISIC4_C_XDC+NEGS_XGDP_PS+NIGS_XGDP_PS.VIE+THA+INO+MAL+SIN?startPeriod=2005&format=sdmx-csv",DF_NA.csv,200,"2005-2010: For 2000–2009, the GDP data series is based on unreassessed/unreevaluated scale. Starting 2010, the GDP data are based on the reevaluated scale.",National Statistics Office,Calendar Year,
VNM,Viet Nam,manufacturing_lcu,Manufacturing at current prices,2015,A,1.08810621e+15,VND,current,,observed,A,NGDPVA_ISIC4_C_XDC,ADB,"https://kidb.adb.org/api/v5/sdmx/data/ADB,DF_NA/A.NGDP_XDC+NGDP_R_XDC+NGDPVA_ISIC4_C_XDC+NEGS_XGDP_PS+NIGS_XGDP_PS.VIE+THA+INO+MAL+SIN?startPeriod=2005&format=sdmx-csv",DF_NA.csv,201,"2005-2010: For 2000–2009, the GDP data series is based on unreassessed/unreevaluated scale. Starting 2010, the GDP data are based on the reevaluated scale.",National Statistics Office,Calendar Year,
VNM,Viet Nam,manufacturing_lcu,Manufacturing at current prices,2016,A,1.21180877e+15,VND,current,,observed,A,NGDPVA_ISIC4_C_XDC,ADB,"https://kidb.adb.org/api/v5/sdmx/data/ADB,DF_NA/A.NGDP_XDC+NGDP_R_XDC+NGDPVA_ISIC4_C_XDC+NEGS_XGDP_PS+NIGS_XGDP_PS.VIE+THA+INO+MAL+SIN?startPeriod=2005&format=sdmx-csv",DF_NA.csv,202,"2005-2010: For 2000–2009, the GDP data series is based on unreassessed/unreevaluated scale. Starting 2010, the GDP data are based on the reevaluated scale.",National Statistics Office,Calendar Year,
VNM,Viet Nam,manufacturing_lcu,Manufacturing at current prices,2017,A,1.42412959e+15,VND,current,,observed,A,NGDPVA_ISIC4_C_XDC,ADB,"https://kidb.adb.org/api/v5/sdmx/data/ADB,DF_NA/A.NGDP_XDC+NGDP_R_XDC+NGDPVA_ISIC4_C_XDC+NEGS_XGDP_PS+NIGS_XGDP_PS.VIE+THA+INO+MAL+SIN?startPeriod=2005&format=sdmx-csv",DF_NA.csv,203,"2005-2010: For 2000–2009, the GDP data series is based on unreassessed/unreevaluated scale. Starting 2010, the GDP data are based on the reevaluated scale.",National Statistics Office,Calendar Year,
VNM,Viet Nam,manufacturing_lcu,Manufacturing at current prices,2018,A,1.63781464e+15,VND,current,,observed,A,NGDPVA_ISIC4_C_XDC,ADB,"https://kidb.adb.org/api/v5/sdmx/data/ADB,DF_NA/A.NGDP_XDC+NGDP_R_XDC+NGDPVA_ISIC4_C_XDC+NEGS_XGDP_PS+NIGS_XGDP_PS.VIE+THA+INO+MAL+SIN?startPeriod=2005&format=sdmx-csv",DF_NA.csv,204,"2005-2010: For 2000–2009, the GDP data series is based on unreassessed/unreevaluated scale. Starting 2010, the GDP data are based on the reevaluated scale.",National Statistics Office,Calendar Year,
VNM,Viet Nam,manufacturing_lcu,Manufacturing at current prices,2019,A,1.83328988e+15,VND,current,,observed,A,NGDPVA_ISIC4_C_XDC,ADB,"https://kidb.adb.org/api/v5/sdmx/data/ADB,DF_NA/A.NGDP_XDC+NGDP_R_XDC+NGDPVA_ISIC4_C_XDC+NEGS_XGDP_PS+NIGS_XGDP_PS.VIE+THA+INO+MAL+SIN?startPeriod=2005&format=sdmx-csv",DF_NA.csv,205,"2005-2010: For 2000–2009, the GDP data series is based on unreassessed/unreevaluated scale. Starting 2010, the GDP data are based on the reevaluated scale.",National Statistics Office,Calendar Year,
VNM,Viet Nam,manufacturing_lcu,Manufacturing at current prices,2020,A,1.9264086e+15,VND,current,,observed,A,NGDPVA_ISIC4_C_XDC,ADB,"https://kidb.adb.org/api/v5/sdmx/data/ADB,DF_NA/A.NGDP_XDC+NGDP_R_XDC+NGDPVA_ISIC4_C_XDC+NEGS_XGDP_PS+NIGS_XGDP_PS.VIE+THA+INO+MAL+SIN?startPeriod=2005&format=sdmx-csv",DF_NA.csv,206,"2005-2010: For 2000–2009, the GDP data series is based on unreassessed/unreevaluated scale. Starting 2010, the GDP data are based on the reevaluated scale.",National Statistics Office,Calendar Year,
VNM,Viet Nam,manufacturing_lcu,Manufacturing at current prices,2021,A,2.07598329e+15,VND,current,,observed,A,NGDPVA_ISIC4_C_XDC,ADB,"https://kidb.adb.org/api/v5/sdmx/data/ADB,DF_NA/A.NGDP_XDC+NGDP_R_XDC+NGDPVA_ISIC4_C_XDC+NEGS_XGDP_PS+NIGS_XGDP_PS.VIE+THA+INO+MAL+SIN?startPeriod=2005&format=sdmx-csv",DF_NA.csv,207,"2005-2010: For 2000–2009, the GDP data series is based on unreassessed/unreevaluated scale. Starting 2010, the GDP data are based on the reevaluated scale.",National Statistics Office,Calendar Year,
VNM,Viet Nam,manufacturing_lcu,Manufacturing at current prices,2022,A,2.3722822e+15,VND,current,,observed,A,NGDPVA_ISIC4_C_XDC,ADB,"https://kidb.adb.org/api/v5/sdmx/data/ADB,DF_NA/A.NGDP_XDC+NGDP_R_XDC+NGDPVA_ISIC4_C_XDC+NEGS_XGDP_PS+NIGS_XGDP_PS.VIE+THA+INO+MAL+SIN?startPeriod=2005&format=sdmx-csv",DF_NA.csv,208,"2005-2010: For 2000–2009, the GDP data series is based on unreassessed/unreevaluated scale. Starting 2010, the GDP data are based on the reevaluated scale.",National Statistics Office,Calendar Year,
VNM,Viet Nam,manufacturing_lcu,Manufacturing at current prices,2023,A,2.4882134e+15,VND,current,,observed,A,NGDPVA_ISIC4_C_XDC,ADB,"https://kidb.adb.org/api/v5/sdmx/data/ADB,DF_NA/A.NGDP_XDC+NGDP_R_XDC+NGDPVA_ISIC4_C_XDC+NEGS_XGDP_PS+NIGS_XGDP_PS.VIE+THA+INO+MAL+SIN?startPeriod=2005&format=sdmx-csv",DF_NA.csv,209,"2005-2010: For 2000–2009, the GDP data series is based on unreassessed/unreevaluated scale. Starting 2010, the GDP data are based on the reevaluated scale.",National Statistics Office,Calendar Year,
VNM,Viet Nam,manufacturing_lcu,Manufacturing at current prices,2024,A,2.8008177e+15,VND,current,,observed,A,NGDPVA_ISIC4_C_XDC,ADB,"https://kidb.adb.org/api/v5/sdmx/data/ADB,DF_NA/A.NGDP_XDC+NGDP_R_XDC+NGDPVA_ISIC4_C_XDC+NEGS_XGDP_PS+NIGS_XGDP_PS.VIE+THA+INO+MAL+SIN?startPeriod=2005&format=sdmx-csv",DF_NA.csv,210,"2005-2010: For 2000–2009, the GDP data series is based on unreassessed/unreevaluated scale. Starting 2010, the GDP data are based on the reevaluated scale.",National Statistics Office,Calendar Year,
VNM,Viet Nam,manufacturing_lcu,Manufacturing at current prices,2025,A,3.151254319e+15,VND,current,,observed,A,NGDPVA_ISIC4_C_XDC,ADB,"https://kidb.adb.org/api/v5/sdmx/data/ADB,DF_NA/A.NGDP_XDC+NGDP_R_XDC+NGDPVA_ISIC4_C_XDC+NEGS_XGDP_PS+NIGS_XGDP_PS.VIE+THA+INO+MAL+SIN?startPeriod=2005&format=sdmx-csv",DF_NA.csv,211,"2005-2010: For 2000–2009, the GDP data series is based on unreassessed/unreevaluated scale. Starting 2010, the GDP data are based on the reevaluated scale.",National Statistics Office,Calendar Year,
VNM,Viet Nam,nominal_gdp_lcu,GDP at current prices,2005,A,9.140008385e+14,VND,current,,observed,A,NGDP_XDC,ADB,"https://kidb.adb.org/api/v5/sdmx/data/ADB,DF_NA/A.NGDP_XDC+NGDP_R_XDC+NGDPVA_ISIC4_C_XDC+NEGS_XGDP_PS+NIGS_XGDP_PS.VIE+THA+INO+MAL+SIN?startPeriod=2005&format=sdmx-csv",DF_NA.csv,86,"2005-2010: For 2000–2009, the GDP data series is based on unreassessed/unreevaluated scale. Starting 2010, the GDP data are based on the reevaluated scale.",National Statistics Office,Calendar Year,
VNM,Viet Nam,nominal_gdp_lcu,GDP at current prices,2006,A,1.061564519e+15,VND,current,,observed,A,NGDP_XDC,ADB,"https://kidb.adb.org/api/v5/sdmx/data/ADB,DF_NA/A.NGDP_XDC+NGDP_R_XDC+NGDPVA_ISIC4_C_XDC+NEGS_XGDP_PS+NIGS_XGDP_PS.VIE+THA+INO+MAL+SIN?startPeriod=2005&format=sdmx-csv",DF_NA.csv,87,"2005-2010: For 2000–2009, the GDP data series is based on unreassessed/unreevaluated scale. Starting 2010, the GDP data are based on the reevaluated scale.",National Statistics Office,Calendar Year,
VNM,Viet Nam,nominal_gdp_lcu,GDP at current prices,2007,A,1.246769289e+15,VND,current,,observed,A,NGDP_XDC,ADB,"https://kidb.adb.org/api/v5/sdmx/data/ADB,DF_NA/A.NGDP_XDC+NGDP_R_XDC+NGDPVA_ISIC4_C_XDC+NEGS_XGDP_PS+NIGS_XGDP_PS.VIE+THA+INO+MAL+SIN?startPeriod=2005&format=sdmx-csv",DF_NA.csv,88,"2005-2010: For 2000–2009, the GDP data series is based on unreassessed/unreevaluated scale. Starting 2010, the GDP data are based on the reevaluated scale.",National Statistics Office,Calendar Year,
VNM,Viet Nam,nominal_gdp_lcu,GDP at current prices,2008,A,1.616047129e+15,VND,current,,observed,A,NGDP_XDC,ADB,"https://kidb.adb.org/api/v5/sdmx/data/ADB,DF_NA/A.NGDP_XDC+NGDP_R_XDC+NGDPVA_ISIC4_C_XDC+NEGS_XGDP_PS+NIGS_XGDP_PS.VIE+THA+INO+MAL+SIN?startPeriod=2005&format=sdmx-csv",DF_NA.csv,89,"2005-2010: For 2000–2009, the GDP data series is based on unreassessed/unreevaluated scale. Starting 2010, the GDP data are based on the reevaluated scale.",National Statistics Office,Calendar Year,
VNM,Viet Nam,nominal_gdp_lcu,GDP at current prices,2009,A,1.80914895e+15,VND,current,,observed,A,NGDP_XDC,ADB,"https://kidb.adb.org/api/v5/sdmx/data/ADB,DF_NA/A.NGDP_XDC+NGDP_R_XDC+NGDPVA_ISIC4_C_XDC+NEGS_XGDP_PS+NIGS_XGDP_PS.VIE+THA+INO+MAL+SIN?startPeriod=2005&format=sdmx-csv",DF_NA.csv,90,"2005-2010: For 2000–2009, the GDP data series is based on unreassessed/unreevaluated scale. Starting 2010, the GDP data are based on the reevaluated scale.",National Statistics Office,Calendar Year,
VNM,Viet Nam,nominal_gdp_lcu,GDP at current prices,2010,A,2.739843e+15,VND,current,,unknown,B,NGDP_XDC,ADB,"https://kidb.adb.org/api/v5/sdmx/data/ADB,DF_NA/A.NGDP_XDC+NGDP_R_XDC+NGDPVA_ISIC4_C_XDC+NEGS_XGDP_PS+NIGS_XGDP_PS.VIE+THA+INO+MAL+SIN?startPeriod=2005&format=sdmx-csv",DF_NA.csv,91,"2005-2010: For 2000–2009, the GDP data series is based on unreassessed/unreevaluated scale. Starting 2010, the GDP data are based on the reevaluated scale.",National Statistics Office,Calendar Year,
VNM,Viet Nam,nominal_gdp_lcu,GDP at current prices,2011,A,3.539881e+15,VND,current,,observed,A,NGDP_XDC,ADB,"https://kidb.adb.org/api/v5/sdmx/data/ADB,DF_NA/A.NGDP_XDC+NGDP_R_XDC+NGDPVA_ISIC4_C_XDC+NEGS_XGDP_PS+NIGS_XGDP_PS.VIE+THA+INO+MAL+SIN?startPeriod=2005&format=sdmx-csv",DF_NA.csv,92,"2005-2010: For 2000–2009, the GDP data series is based on unreassessed/unreevaluated scale. Starting 2010, the GDP data are based on the reevaluated scale.",National Statistics Office,Calendar Year,
VNM,Viet Nam,nominal_gdp_lcu,GDP at current prices,2012,A,4.073762e+15,VND,current,,observed,A,NGDP_XDC,ADB,"https://kidb.adb.org/api/v5/sdmx/data/ADB,DF_NA/A.NGDP_XDC+NGDP_R_XDC+NGDPVA_ISIC4_C_XDC+NEGS_XGDP_PS+NIGS_XGDP_PS.VIE+THA+INO+MAL+SIN?startPeriod=2005&format=sdmx-csv",DF_NA.csv,93,"2005-2010: For 2000–2009, the GDP data series is based on unreassessed/unreevaluated scale. Starting 2010, the GDP data are based on the reevaluated scale.",National Statistics Office,Calendar Year,
VNM,Viet Nam,nominal_gdp_lcu,GDP at current prices,2013,A,4.473656e+15,VND,current,,observed,A,NGDP_XDC,ADB,"https://kidb.adb.org/api/v5/sdmx/data/ADB,DF_NA/A.NGDP_XDC+NGDP_R_XDC+NGDPVA_ISIC4_C_XDC+NEGS_XGDP_PS+NIGS_XGDP_PS.VIE+THA+INO+MAL+SIN?startPeriod=2005&format=sdmx-csv",DF_NA.csv,94,"2005-2010: For 2000–2009, the GDP data series is based on unreassessed/unreevaluated scale. Starting 2010, the GDP data are based on the reevaluated scale.",National Statistics Office,Calendar Year,
VNM,Viet Nam,nominal_gdp_lcu,GDP at current prices,2014,A,4.937032e+15,VND,current,,observed,A,NGDP_XDC,ADB,"https://kidb.adb.org/api/v5/sdmx/data/ADB,DF_NA/A.NGDP_XDC+NGDP_R_XDC+NGDPVA_ISIC4_C_XDC+NEGS_XGDP_PS+NIGS_XGDP_PS.VIE+THA+INO+MAL+SIN?startPeriod=2005&format=sdmx-csv",DF_NA.csv,95,"2005-2010: For 2000–2009, the GDP data series is based on unreassessed/unreevaluated scale. Starting 2010, the GDP data are based on the reevaluated scale.",National Statistics Office,Calendar Year,
VNM,Viet Nam,nominal_gdp_lcu,GDP at current prices,2015,A,5.191324e+15,VND,current,,observed,A,NGDP_XDC,ADB,"https://kidb.adb.org/api/v5/sdmx/data/ADB,DF_NA/A.NGDP_XDC+NGDP_R_XDC+NGDPVA_ISIC4_C_XDC+NEGS_XGDP_PS+NIGS_XGDP_PS.VIE+THA+INO+MAL+SIN?startPeriod=2005&format=sdmx-csv",DF_NA.csv,96,"2005-2010: For 2000–2009, the GDP data series is based on unreassessed/unreevaluated scale. Starting 2010, the GDP data are based on the reevaluated scale.",National Statistics Office,Calendar Year,
VNM,Viet Nam,nominal_gdp_lcu,GDP at current prices,2016,A,5.639401e+15,VND,current,,observed,A,NGDP_XDC,ADB,"https://kidb.adb.org/api/v5/sdmx/data/ADB,DF_NA/A.NGDP_XDC+NGDP_R_XDC+NGDPVA_ISIC4_C_XDC+NEGS_XGDP_PS+NIGS_XGDP_PS.VIE+THA+INO+MAL+SIN?startPeriod=2005&format=sdmx-csv",DF_NA.csv,97,"2005-2010: For 2000–2009, the GDP data series is based on unreassessed/unreevaluated scale. Starting 2010, the GDP data are based on the reevaluated scale.",National Statistics Office,Calendar Year,
VNM,Viet Nam,nominal_gdp_lcu,GDP at current prices,2017,A,6.293905e+15,VND,current,,observed,A,NGDP_XDC,ADB,"https://kidb.adb.org/api/v5/sdmx/data/ADB,DF_NA/A.NGDP_XDC+NGDP_R_XDC+NGDPVA_ISIC4_C_XDC+NEGS_XGDP_PS+NIGS_XGDP_PS.VIE+THA+INO+MAL+SIN?startPeriod=2005&format=sdmx-csv",DF_NA.csv,98,"2005-2010: For 2000–2009, the GDP data series is based on unreassessed/unreevaluated scale. Starting 2010, the GDP data are based on the reevaluated scale.",National Statistics Office,Calendar Year,
VNM,Viet Nam,nominal_gdp_lcu,GDP at current prices,2018,A,7.009042e+15,VND,current,,observed,A,NGDP_XDC,ADB,"https://kidb.adb.org/api/v5/sdmx/data/ADB,DF_NA/A.NGDP_XDC+NGDP_R_XDC+NGDPVA_ISIC4_C_XDC+NEGS_XGDP_PS+NIGS_XGDP_PS.VIE+THA+INO+MAL+SIN?startPeriod=2005&format=sdmx-csv",DF_NA.csv,99,"2005-2010: For 2000–2009, the GDP data series is based on unreassessed/unreevaluated scale. Starting 2010, the GDP data are based on the reevaluated scale.",National Statistics Office,Calendar Year,
VNM,Viet Nam,nominal_gdp_lcu,GDP at current prices,2019,A,7.7072e+15,VND,current,,observed,A,NGDP_XDC,ADB,"https://kidb.adb.org/api/v5/sdmx/data/ADB,DF_NA/A.NGDP_XDC+NGDP_R_XDC+NGDPVA_ISIC4_C_XDC+NEGS_XGDP_PS+NIGS_XGDP_PS.VIE+THA+INO+MAL+SIN?startPeriod=2005&format=sdmx-csv",DF_NA.csv,100,"2005-2010: For 2000–2009, the GDP data series is based on unreassessed/unreevaluated scale. Starting 2010, the GDP data are based on the reevaluated scale.",National Statistics Office,Calendar Year,
VNM,Viet Nam,nominal_gdp_lcu,GDP at current prices,2020,A,8.044386e+15,VND,current,,observed,A,NGDP_XDC,ADB,"https://kidb.adb.org/api/v5/sdmx/data/ADB,DF_NA/A.NGDP_XDC+NGDP_R_XDC+NGDPVA_ISIC4_C_XDC+NEGS_XGDP_PS+NIGS_XGDP_PS.VIE+THA+INO+MAL+SIN?startPeriod=2005&format=sdmx-csv",DF_NA.csv,101,"2005-2010: For 2000–2009, the GDP data series is based on unreassessed/unreevaluated scale. Starting 2010, the GDP data are based on the reevaluated scale.",National Statistics Office,Calendar Year,
VNM,Viet Nam,nominal_gdp_lcu,GDP at current prices,2021,A,8.4874756e+15,VND,current,,observed,A,NGDP_XDC,ADB,"https://kidb.adb.org/api/v5/sdmx/data/ADB,DF_NA/A.NGDP_XDC+NGDP_R_XDC+NGDPVA_ISIC4_C_XDC+NEGS_XGDP_PS+NIGS_XGDP_PS.VIE+THA+INO+MAL+SIN?startPeriod=2005&format=sdmx-csv",DF_NA.csv,102,"2005-2010: For 2000–2009, the GDP data series is based on unreassessed/unreevaluated scale. Starting 2010, the GDP data are based on the reevaluated scale.",National Statistics Office,Calendar Year,
VNM,Viet Nam,nominal_gdp_lcu,GDP at current prices,2022,A,9.6213718e+15,VND,current,,observed,A,NGDP_XDC,ADB,"https://kidb.adb.org/api/v5/sdmx/data/ADB,DF_NA/A.NGDP_XDC+NGDP_R_XDC+NGDPVA_ISIC4_C_XDC+NEGS_XGDP_PS+NIGS_XGDP_PS.VIE+THA+INO+MAL+SIN?startPeriod=2005&format=sdmx-csv",DF_NA.csv,103,"2005-2010: For 2000–2009, the GDP data series is based on unreassessed/unreevaluated scale. Starting 2010, the GDP data are based on the reevaluated scale.",National Statistics Office,Calendar Year,
VNM,Viet Nam,nominal_gdp_lcu,GDP at current prices,2023,A,1.03190589e+16,VND,current,,observed,A,NGDP_XDC,ADB,"https://kidb.adb.org/api/v5/sdmx/data/ADB,DF_NA/A.NGDP_XDC+NGDP_R_XDC+NGDPVA_ISIC4_C_XDC+NEGS_XGDP_PS+NIGS_XGDP_PS.VIE+THA+INO+MAL+SIN?startPeriod=2005&format=sdmx-csv",DF_NA.csv,104,"2005-2010: For 2000–2009, the GDP data series is based on unreassessed/unreevaluated scale. Starting 2010, the GDP data are based on the reevaluated scale.",National Statistics Office,Calendar Year,
VNM,Viet Nam,nominal_gdp_lcu,GDP at current prices,2024,A,1.15103289e+16,VND,current,,observed,A,NGDP_XDC,ADB,"https://kidb.adb.org/api/v5/sdmx/data/ADB,DF_NA/A.NGDP_XDC+NGDP_R_XDC+NGDPVA_ISIC4_C_XDC+NEGS_XGDP_PS+NIGS_XGDP_PS.VIE+THA+INO+MAL+SIN?startPeriod=2005&format=sdmx-csv",DF_NA.csv,105,"2005-2010: For 2000–2009, the GDP data series is based on unreassessed/unreevaluated scale. Starting 2010, the GDP data are based on the reevaluated scale.",National Statistics Office,Calendar Year,
VNM,Viet Nam,nominal_gdp_lcu,GDP at current prices,2025,A,1.284757122e+16,VND,current,,observed,A,NGDP_XDC,ADB,"https://kidb.adb.org/api/v5/sdmx/data/ADB,DF_NA/A.NGDP_XDC+NGDP_R_XDC+NGDPVA_ISIC4_C_XDC+NEGS_XGDP_PS+NIGS_XGDP_PS.VIE+THA+INO+MAL+SIN?startPeriod=2005&format=sdmx-csv",DF_NA.csv,106,"2005-2010: For 2000–2009, the GDP data series is based on unreassessed/unreevaluated scale. Starting 2010, the GDP data are based on the reevaluated scale.",National Statistics Office,Calendar Year,
VNM,Viet Nam,reserves_months,Total reserves in months of imports,2005,A,2.65365743967,months,not_applicable,,unknown,,FI.RES.TOTL.MO,World Bank WDI,https://api.worldbank.org/v2/country/VNM;THA;IDN;MYS;SGP/indicator/FI.RES.TOTL.MO?format=json&per_page=20000&date=2005:2026,wb_reserves.json,,,WDI,,
VNM,Viet Nam,reserves_months,Total reserves in months of imports,2006,A,3.22464007846,months,not_applicable,,unknown,,FI.RES.TOTL.MO,World Bank WDI,https://api.worldbank.org/v2/country/VNM;THA;IDN;MYS;SGP/indicator/FI.RES.TOTL.MO?format=json&per_page=20000&date=2005:2026,wb_reserves.json,,,WDI,,
VNM,Viet Nam,reserves_months,Total reserves in months of imports,2007,A,4.07509843575,months,not_applicable,,unknown,,FI.RES.TOTL.MO,World Bank WDI,https://api.worldbank.org/v2/country/VNM;THA;IDN;MYS;SGP/indicator/FI.RES.TOTL.MO?format=json&per_page=20000&date=2005:2026,wb_reserves.json,,,WDI,,
VNM,Viet Nam,reserves_months,Total reserves in months of imports,2008,A,3.21458373443,months,not_applicable,,unknown,,FI.RES.TOTL.MO,World Bank WDI,https://api.worldbank.org/v2/country/VNM;THA;IDN;MYS;SGP/indicator/FI.RES.TOTL.MO?format=json&per_page=20000&date=2005:2026,wb_reserves.json,,,WDI,,
VNM,Viet Nam,reserves_months,Total reserves in months of imports,2009,A,2.57418384374,months,not_applicable,,unknown,,FI.RES.TOTL.MO,World Bank WDI,https://api.worldbank.org/v2/country/VNM;THA;IDN;MYS;SGP/indicator/FI.RES.TOTL.MO?format=json&per_page=20000&date=2005:2026,wb_reserves.json,,,WDI,,
VNM,Viet Nam,reserves_months,Total reserves in months of imports,2010,A,1.62054734202,months,not_applicable,,unknown,,FI.RES.TOTL.MO,World Bank WDI,https://api.worldbank.org/v2/country/VNM;THA;IDN;MYS;SGP/indicator/FI.RES.TOTL.MO?format=json&per_page=20000&date=2005:2026,wb_reserves.json,,,WDI,,
VNM,Viet Nam,reserves_months,Total reserves in months of imports,2011,A,1.41735012965,months,not_applicable,,unknown,,FI.RES.TOTL.MO,World Bank WDI,https://api.worldbank.org/v2/country/VNM;THA;IDN;MYS;SGP/indicator/FI.RES.TOTL.MO?format=json&per_page=20000&date=2005:2026,wb_reserves.json,,,WDI,,
VNM,Viet Nam,reserves_months,Total reserves in months of imports,2012,A,2.48702822539,months,not_applicable,,unknown,,FI.RES.TOTL.MO,World Bank WDI,https://api.worldbank.org/v2/country/VNM;THA;IDN;MYS;SGP/indicator/FI.RES.TOTL.MO?format=json&per_page=20000&date=2005:2026,wb_reserves.json,,,WDI,,
VNM,Viet Nam,reserves_months,Total reserves in months of imports,2013,A,2.14652156786,months,not_applicable,,unknown,,FI.RES.TOTL.MO,World Bank WDI,https://api.worldbank.org/v2/country/VNM;THA;IDN;MYS;SGP/indicator/FI.RES.TOTL.MO?format=json&per_page=20000&date=2005:2026,wb_reserves.json,,,WDI,,
VNM,Viet Nam,reserves_months,Total reserves in months of imports,2014,A,2.5363346851,months,not_applicable,,unknown,,FI.RES.TOTL.MO,World Bank WDI,https://api.worldbank.org/v2/country/VNM;THA;IDN;MYS;SGP/indicator/FI.RES.TOTL.MO?format=json&per_page=20000&date=2005:2026,wb_reserves.json,,,WDI,,
VNM,Viet Nam,reserves_months,Total reserves in months of imports,2015,A,1.85037257938,months,not_applicable,,unknown,,FI.RES.TOTL.MO,World Bank WDI,https://api.worldbank.org/v2/country/VNM;THA;IDN;MYS;SGP/indicator/FI.RES.TOTL.MO?format=json&per_page=20000&date=2005:2026,wb_reserves.json,,,WDI,,
VNM,Viet Nam,reserves_months,Total reserves in months of imports,2016,A,2.22398532927,months,not_applicable,,unknown,,FI.RES.TOTL.MO,World Bank WDI,https://api.worldbank.org/v2/country/VNM;THA;IDN;MYS;SGP/indicator/FI.RES.TOTL.MO?format=json&per_page=20000&date=2005:2026,wb_reserves.json,,,WDI,,
VNM,Viet Nam,reserves_months,Total reserves in months of imports,2017,A,2.46290138785,months,not_applicable,,unknown,,FI.RES.TOTL.MO,World Bank WDI,https://api.worldbank.org/v2/country/VNM;THA;IDN;MYS;SGP/indicator/FI.RES.TOTL.MO?format=json&per_page=20000&date=2005:2026,wb_reserves.json,,,WDI,,
VNM,Viet Nam,reserves_months,Total reserves in months of imports,2018,A,2.52957991101,months,not_applicable,,unknown,,FI.RES.TOTL.MO,World Bank WDI,https://api.worldbank.org/v2/country/VNM;THA;IDN;MYS;SGP/indicator/FI.RES.TOTL.MO?format=json&per_page=20000&date=2005:2026,wb_reserves.json,,,WDI,,
VNM,Viet Nam,reserves_months,Total reserves in months of imports,2019,A,3.3667935294,months,not_applicable,,unknown,,FI.RES.TOTL.MO,World Bank WDI,https://api.worldbank.org/v2/country/VNM;THA;IDN;MYS;SGP/indicator/FI.RES.TOTL.MO?format=json&per_page=20000&date=2005:2026,wb_reserves.json,,,WDI,,
VNM,Viet Nam,reserves_months,Total reserves in months of imports,2020,A,3.97829560887,months,not_applicable,,unknown,,FI.RES.TOTL.MO,World Bank WDI,https://api.worldbank.org/v2/country/VNM;THA;IDN;MYS;SGP/indicator/FI.RES.TOTL.MO?format=json&per_page=20000&date=2005:2026,wb_reserves.json,,,WDI,,
VNM,Viet Nam,reserves_months,Total reserves in months of imports,2021,A,3.68607429496,months,not_applicable,,unknown,,FI.RES.TOTL.MO,World Bank WDI,https://api.worldbank.org/v2/country/VNM;THA;IDN;MYS;SGP/indicator/FI.RES.TOTL.MO?format=json&per_page=20000&date=2005:2026,wb_reserves.json,,,WDI,,
VNM,Viet Nam,reserves_months,Total reserves in months of imports,2022,A,2.65055544762,months,not_applicable,,unknown,,FI.RES.TOTL.MO,World Bank WDI,https://api.worldbank.org/v2/country/VNM;THA;IDN;MYS;SGP/indicator/FI.RES.TOTL.MO?format=json&per_page=20000&date=2005:2026,wb_reserves.json,,,WDI,,
VNM,Viet Nam,reserves_months,Total reserves in months of imports,2023,A,3.01759407672,months,not_applicable,,unknown,,FI.RES.TOTL.MO,World Bank WDI,https://api.worldbank.org/v2/country/VNM;THA;IDN;MYS;SGP/indicator/FI.RES.TOTL.MO?format=json&per_page=20000&date=2005:2026,wb_reserves.json,,,WDI,,
VNM,Viet Nam,reserves_months,Total reserves in months of imports,2024,A,2.37407817485,months,not_applicable,,unknown,,FI.RES.TOTL.MO,World Bank WDI,https://api.worldbank.org/v2/country/VNM;THA;IDN;MYS;SGP/indicator/FI.RES.TOTL.MO?format=json&per_page=20000&date=2005:2026,wb_reserves.json,,,WDI,,
VNM,Viet Nam,reserves_months,Total reserves in months of imports,2025,A,,months,not_applicable,,unknown,,FI.RES.TOTL.MO,World Bank WDI,https://api.worldbank.org/v2/country/VNM;THA;IDN;MYS;SGP/indicator/FI.RES.TOTL.MO?format=json&per_page=20000&date=2005:2026,wb_reserves.json,,,WDI,,
